Indicator ID,Indicator Name,Parent Code,Parent Name,Area Code,Area Name,Area Type,Sex,Age,Category Type,Category,Time period,Value,Lower CI 95.0 limit,Upper CI 95.0 limit,Lower CI 99.8 limit,Upper CI 99.8 limit,Count,Denominator,Value note,Recent Trend,Compared to England value or percentiles,Column not used,Time period Sortable,New data,Compared to goal,Time period range,z_score,within_1_std,within_2_std,CI_95_width,CI_99.8_width
40501,Under 75 mortality rate from cancer,,,E92000001,England,England,Persons,<75 yrs,,,2020 - 22,123.2309,122.66497,123.7988,122.33952,124.12683,182134.0,155143971.0,,Cannot be calculated,Not compared,Not compared,20200000,,,3y,0.0743928346968934,True,True,1.1338300000000032,1.787310000000005
40501,Under 75 mortality rate from cancer,E92000001,England,E06000001,Hartlepool,UA,Persons,<75 yrs,,,2020 - 22,159.29647,144.55428,175.1298,136.54425,184.56139,431.0,254367.0,,Cannot be calculated,Worse,Not compared,20200000,,,3y,2.2355849414871742,False,False,30.575519999999983,48.01713999999998
40501,Under 75 mortality rate from cancer,E92000001,England,E06000002,Middlesbrough,UA,Persons,<75 yrs,,,2020 - 22,163.14294,150.22167,176.87617,143.13812,185.01898,591.0,402467.0,,Cannot be calculated,Worse,Not compared,20200000,,,3y,2.466080691395068,False,False,26.654500000000013,41.88086000000001
40501,Under 75 mortality rate from cancer,E92000001,England,E06000003,Redcar and Cleveland,UA,Persons,<75 yrs,,,2020 - 22,150.32232,138.84698,162.48802,132.54261,169.69329,643.0,365633.0,,Cannot be calculated,Worse,Not compared,20200000,,,3y,1.6978182530596235,False,True,23.641040000000004,37.150679999999994
40501,Under 75 mortality rate from cancer,E92000001,England,E06000004,Stockton-on-Tees,UA,Persons,<75 yrs,,,2020 - 22,128.47576,119.17775,138.30564,114.05748,144.12025,709.0,543593.0,,Cannot be calculated,Similar,Not compared,20200000,,,3y,0.38868566393042775,True,True,19.127890000000008,30.06277
40501,Under 75 mortality rate from cancer,E92000001,England,E06000005,Darlington,UA,Persons,<75 yrs,,,2020 - 22,146.04536,132.89353,160.14466,125.73635,168.53652,454.0,293443.0,,Cannot be calculated,Worse,Not compared,20200000,,,3y,1.4415258336397234,False,True,27.25112999999999,42.800169999999994
40501,Under 75 mortality rate from cancer,E92000001,England,E06000006,Halton,UA,Persons,<75 yrs,,,2020 - 22,136.05477,124.39841,148.5082,118.03651,155.90923,502.0,356520.0,,Cannot be calculated,Worse,Not compared,20200000,,,3y,0.8428500259323196,True,True,24.10978999999999,37.87272
40501,Under 75 mortality rate from cancer,E92000001,England,E06000007,Warrington,UA,Persons,<75 yrs,,,2020 - 22,125.35358,116.40313,134.80837,111.47088,140.39909,730.0,577001.0,,Cannot be calculated,Similar,Not compared,20200000,,,3y,0.20159224569307532,True,True,18.405239999999992,28.928210000000007
40501,Under 75 mortality rate from cancer,E92000001,England,E06000008,Blackburn with Darwen,UA,Persons,<75 yrs,,,2020 - 22,140.61924,128.54375,153.52045,121.95309,161.1876,502.0,436184.0,,Cannot be calculated,Worse,Not compared,20200000,,,3y,1.1163711857443241,False,True,24.976700000000022,39.23451
40501,Under 75 mortality rate from cancer,E92000001,England,E06000009,Blackpool,UA,Persons,<75 yrs,,,2020 - 22,172.70125,160.15432,185.96695,153.24537,193.8142,707.0,382524.0,,Cannot be calculated,Worse,Not compared,20200000,,,3y,3.0388525656855494,False,False,25.812629999999984,40.56882999999999
40501,Under 75 mortality rate from cancer,E92000001,England,E06000010,Kingston upon Hull,UA,Persons,<75 yrs,,,2020 - 22,165.35886,155.53871,175.6354,150.0842,181.68647,1062.0,749916.0,,Cannot be calculated,Worse,Not compared,20200000,,,3y,2.5988674132818614,False,False,20.096689999999995,31.602270000000004
40501,Under 75 mortality rate from cancer,E92000001,England,E06000011,East Riding of Yorkshire,UA,Persons,<75 yrs,,,2020 - 22,118.83664,112.59369,125.3321,109.10929,129.14683,1393.0,901091.0,,Cannot be calculated,Similar,Not compared,20200000,,,3y,-0.18892866631319094,True,True,12.738410000000002,20.037539999999993
40501,Under 75 mortality rate from cancer,E92000001,England,E06000012,North East Lincolnshire,UA,Persons,<75 yrs,,,2020 - 22,151.01679,139.87993,162.80213,133.75205,169.77645,685.0,425336.0,,Cannot be calculated,Worse,Not compared,20200000,,,3y,1.739433651967852,False,True,22.922200000000004,36.024400000000014
40501,Under 75 mortality rate from cancer,E92000001,England,E06000013,North Lincolnshire,UA,Persons,<75 yrs,,,2020 - 22,135.94764,126.02825,146.43778,120.56726,152.64382,701.0,457893.0,,Cannot be calculated,Worse,Not compared,20200000,,,3y,0.8364303711091626,True,True,20.409530000000004,32.07656
40501,Under 75 mortality rate from cancer,E92000001,England,E06000014,York,UA,Persons,<75 yrs,,,2020 - 22,130.99759,121.33137,141.22793,116.01325,147.28238,682.0,551652.0,,Cannot be calculated,Similar,Not compared,20200000,,,3y,0.5398037272430809,True,True,19.89655999999998,31.26912999999999
40501,Under 75 mortality rate from cancer,E92000001,England,E06000015,Derby,UA,Persons,<75 yrs,,,2020 - 22,132.65197,123.65913,142.12452,118.69157,147.7186,812.0,724363.0,,Cannot be calculated,Worse,Not compared,20200000,,,3y,0.6389407434508301,True,True,18.465389999999985,29.02703000000001
40501,Under 75 mortality rate from cancer,E92000001,England,E06000016,Leicester,UA,Persons,<75 yrs,,,2020 - 22,135.7536,127.37643,144.53251,122.72893,149.70502,999.0,1053581.0,,Cannot be calculated,Worse,Not compared,20200000,,,3y,0.8248027241205919,True,True,17.156080000000003,26.976089999999985
40501,Under 75 mortality rate from cancer,E92000001,England,E06000017,Rutland,UA,Persons,<75 yrs,,,2020 - 22,94.22477,78.0531,112.73714,69.74458,124.07049,121.0,107651.0,,Cannot be calculated,Better,Not compared,20200000,,,3y,-1.6637696067821344,False,True,34.684039999999996,54.32591000000001
40501,Under 75 mortality rate from cancer,E92000001,England,E06000018,Nottingham,UA,Persons,<75 yrs,,,2020 - 22,151.62684,141.85,161.8947,136.43586,167.95039,913.0,918894.0,,Cannot be calculated,Worse,Not compared,20200000,,,3y,1.7759902693940404,False,True,20.044700000000006,31.514530000000008
40501,Under 75 mortality rate from cancer,E92000001,England,E06000019,Herefordshire,UA,Persons,<75 yrs,,,2020 - 22,111.72293,103.43539,120.49123,98.87451,125.67966,690.0,491667.0,,Cannot be calculated,Better,Not compared,20200000,,,3y,-0.6152104054343274,True,True,17.055840000000003,26.805149999999998
40501,Under 75 mortality rate from cancer,E92000001,England,E06000020,Telford and Wrekin,UA,Persons,<75 yrs,,,2020 - 22,142.6296,132.19295,153.67033,126.44875,160.20305,693.0,513964.0,,Cannot be calculated,Worse,Not compared,20200000,,,3y,1.2368399365170681,False,True,21.47738000000001,33.754299999999986
40501,Under 75 mortality rate from cancer,E92000001,England,E06000021,Stoke-on-Trent,UA,Persons,<75 yrs,,,2020 - 22,148.91882,139.63701,158.65492,134.49173,164.39386,960.0,715545.0,,Cannot be calculated,Worse,Not compared,20200000,,,3y,1.61371496225124,False,True,19.01791,29.90213
40501,Under 75 mortality rate from cancer,E92000001,England,E06000022,Bath and North East Somerset,UA,Persons,<75 yrs,,,2020 - 22,102.17331,93.5028,111.43009,88.76766,116.92962,513.0,524207.0,,Cannot be calculated,Better,Not compared,20200000,,,3y,-1.1874615404322386,False,True,17.927290000000013,28.161959999999993
40501,Under 75 mortality rate from cancer,E92000001,England,E06000023,Bristol,UA,Persons,<75 yrs,,,2020 - 22,140.32863,132.74699,148.22771,128.52025,152.86963,1302.0,1337157.0,,Cannot be calculated,Worse,Not compared,20200000,,,3y,1.0989566810476206,False,True,15.480719999999991,24.349379999999996
40501,Under 75 mortality rate from cancer,E92000001,England,E06000024,North Somerset,UA,Persons,<75 yrs,,,2020 - 22,115.02505,106.91571,123.58379,102.44363,128.64267,754.0,574457.0,,Cannot be calculated,Similar,Not compared,20200000,,,3y,-0.4173342681744894,True,True,16.66807999999999,26.19904000000001
40501,Under 75 mortality rate from cancer,E92000001,England,E06000025,South Gloucestershire,UA,Persons,<75 yrs,,,2020 - 22,111.43181,103.93528,119.32523,99.79294,123.98595,824.0,791187.0,,Cannot be calculated,Better,Not compared,20200000,,,3y,-0.6326554713553374,True,True,15.389949999999999,24.19301
40501,Under 75 mortality rate from cancer,E92000001,England,E06000026,Plymouth,UA,Persons,<75 yrs,,,2020 - 22,137.26749,128.63302,146.32847,123.84832,151.67049,943.0,726433.0,,Cannot be calculated,Worse,Not compared,20200000,,,3y,0.915521021891811,True,True,17.695450000000022,27.82217
40501,Under 75 mortality rate from cancer,E92000001,England,E06000027,Torbay,UA,Persons,<75 yrs,,,2020 - 22,128.01417,117.76921,138.90404,112.15333,145.36124,589.0,362505.0,,Cannot be calculated,Similar,Not compared,20200000,,,3y,0.3610253589754991,True,True,21.134830000000008,33.20791000000001
40501,Under 75 mortality rate from cancer,E92000001,England,E06000030,Swindon,UA,Persons,<75 yrs,,,2020 - 22,126.0503,116.99552,135.61713,112.00657,141.27456,725.0,650857.0,,Cannot be calculated,Similar,Not compared,20200000,,,3y,0.243342473532062,True,True,18.621610000000004,29.26799000000001
40501,Under 75 mortality rate from cancer,E92000001,England,E06000031,Peterborough,UA,Persons,<75 yrs,,,2020 - 22,136.24676,125.83586,147.2855,120.11695,153.82371,640.0,605519.0,,Cannot be calculated,Worse,Not compared,20200000,,,3y,0.8543548287839777,True,True,21.449640000000016,33.70676
40501,Under 75 mortality rate from cancer,E92000001,England,E06000032,Luton,UA,Persons,<75 yrs,,,2020 - 22,122.22083,111.76581,133.37783,106.05395,140.00499,520.0,639016.0,,Cannot be calculated,Similar,Not compared,20200000,,,3y,0.013865431101007986,True,True,21.612019999999987,33.95103999999999
40501,Under 75 mortality rate from cancer,E92000001,England,E06000033,Southend-on-Sea,UA,Persons,<75 yrs,,,2020 - 22,132.21235,122.11043,142.92596,116.56232,149.27226,635.0,492011.0,,Cannot be calculated,Similar,Not compared,20200000,,,3y,0.6125969680997907,True,True,20.81553000000001,32.70993999999999
40501,Under 75 mortality rate from cancer,E92000001,England,E06000034,Thurrock,UA,Persons,<75 yrs,,,2020 - 22,145.39974,133.52492,158.04116,127.02396,165.54198,561.0,496779.0,,Cannot be calculated,Worse,Not compared,20200000,,,3y,1.4028377206281752,False,True,24.516239999999982,38.51801999999999
40501,Under 75 mortality rate from cancer,E92000001,England,E06000035,Medway,UA,Persons,<75 yrs,,,2020 - 22,132.56118,124.16433,141.37555,119.51252,146.57289,931.0,780790.0,,Cannot be calculated,Worse,Not compared,20200000,,,3y,0.6335002462848214,True,True,17.211219999999997,27.060370000000006
40501,Under 75 mortality rate from cancer,E92000001,England,E06000036,Bracknell Forest,UA,Persons,<75 yrs,,,2020 - 22,117.91396,105.94383,130.85856,99.47815,138.59267,359.0,349704.0,,Cannot be calculated,Similar,Not compared,20200000,,,3y,-0.24421931423843532,True,True,24.914730000000006,39.11452
40501,Under 75 mortality rate from cancer,E92000001,England,E06000037,West Berkshire,UA,Persons,<75 yrs,,,2020 - 22,115.70221,105.9796,126.07568,100.66703,132.23693,523.0,440772.0,,Cannot be calculated,Similar,Not compared,20200000,,,3y,-0.37675615317355887,True,True,20.09608,31.569900000000004
40501,Under 75 mortality rate from cancer,E92000001,England,E06000038,Reading,UA,Persons,<75 yrs,,,2020 - 22,129.87236,117.78309,142.85,111.21173,150.57883,437.0,492117.0,,Cannot be calculated,Similar,Not compared,20200000,,,3y,0.47237547935115337,True,True,25.066909999999993,39.36710000000001
40501,Under 75 mortality rate from cancer,E92000001,England,E06000039,Slough,UA,Persons,<75 yrs,,,2020 - 22,121.96824,108.88729,136.14983,101.83696,144.63239,337.0,456561.0,,Cannot be calculated,Similar,Not compared,20200000,,,3y,-0.0012707642857329767,True,True,27.262540000000016,42.79542999999998
40501,Under 75 mortality rate from cancer,E92000001,England,E06000040,Windsor and Maidenhead,UA,Persons,<75 yrs,,,2020 - 22,100.89152,91.26134,111.25887,86.03942,117.4409,404.0,420309.0,,Cannot be calculated,Better,Not compared,20200000,,,3y,-1.2642714849461536,False,True,19.997529999999998,31.401479999999992
40501,Under 75 mortality rate from cancer,E92000001,England,E06000041,Wokingham,UA,Persons,<75 yrs,,,2020 - 22,94.99642,86.06872,104.59551,81.22253,110.31628,418.0,488857.0,,Cannot be calculated,Better,Not compared,20200000,,,3y,-1.61752927592906,False,True,18.526790000000005,29.09375
40501,Under 75 mortality rate from cancer,E92000001,England,E06000042,Milton Keynes,UA,Persons,<75 yrs,,,2020 - 22,116.04063,107.90242,124.62709,103.41321,129.70162,763.0,814295.0,,Cannot be calculated,Similar,Not compared,20200000,,,3y,-0.35647668350816986,True,True,16.72466999999999,26.288409999999985
40501,Under 75 mortality rate from cancer,E92000001,England,E06000043,Brighton and Hove,UA,Persons,<75 yrs,,,2020 - 22,130.44683,121.49291,139.8802,116.54766,145.45163,806.0,778466.0,,Cannot be calculated,Similar,Not compared,20200000,,,3y,0.5068000019522895,True,True,18.387290000000007,28.90397
40501,Under 75 mortality rate from cancer,E92000001,England,E06000044,Portsmouth,UA,Persons,<75 yrs,,,2020 - 22,137.86897,127.35633,149.01457,121.58107,155.61581,642.0,581103.0,,Cannot be calculated,Worse,Not compared,20200000,,,3y,0.9515640909017331,True,True,21.658239999999992,34.03474000000001
40501,Under 75 mortality rate from cancer,E92000001,England,E06000045,Southampton,UA,Persons,<75 yrs,,,2020 - 22,139.70751,129.64157,150.34429,124.09622,156.63489,721.0,701426.0,,Cannot be calculated,Worse,Not compared,20200000,,,3y,1.0617367052821034,False,True,20.70272,32.53867000000001
40501,Under 75 mortality rate from cancer,E92000001,England,E06000046,Isle of Wight,UA,Persons,<75 yrs,,,2020 - 22,126.6921,116.83456,137.14508,111.42003,143.3366,638.0,363164.0,,Cannot be calculated,Similar,Not compared,20200000,,,3y,0.281801676981169,True,True,20.31052000000001,31.916570000000007
40501,Under 75 mortality rate from cancer,E92000001,England,E06000047,County Durham,UA,Persons,<75 yrs,,,2020 - 22,135.94252,130.19917,141.87317,126.97334,145.34425,2125.0,1416863.0,,Cannot be calculated,Worse,Not compared,20200000,,,3y,0.8361235603867263,True,True,11.673999999999978,18.370909999999995
40501,Under 75 mortality rate from cancer,E92000001,England,E06000049,Cheshire East,UA,Persons,<75 yrs,,,2020 - 22,114.44261,108.42581,120.70541,105.06882,124.38419,1364.0,1069553.0,,Cannot be calculated,Better,Not compared,20200000,,,3y,-0.4522363848103532,True,True,12.279600000000002,19.31537
40501,Under 75 mortality rate from cancer,E92000001,England,E06000050,Cheshire West and Chester,UA,Persons,<75 yrs,,,2020 - 22,115.43683,108.98373,122.17152,105.39124,126.13221,1201.0,965729.0,,Cannot be calculated,Better,Not compared,20200000,,,3y,-0.3926587761266965,True,True,13.187790000000007,20.740970000000004
40501,Under 75 mortality rate from cancer,E92000001,England,E06000051,Shropshire,UA,Persons,<75 yrs,,,2020 - 22,109.27431,103.00864,115.8188,99.5229,119.66906,1156.0,852512.0,,Cannot be calculated,Better,Not compared,20200000,,,3y,-0.7619414349599617,True,True,12.810159999999996,20.146159999999995
40501,Under 75 mortality rate from cancer,E92000001,England,E06000052,Cornwall,UA,Persons,<75 yrs,,,2020 - 22,118.31114,113.39537,123.3834,110.63264,126.35107,2228.0,1514409.0,Value for Cornwall and Isles of Scilly combined,Cannot be calculated,Similar,Not compared,20200000,,,3y,-0.2204187121413398,True,True,9.988029999999995,15.718430000000012
40501,Under 75 mortality rate from cancer,E92000001,England,E06000053,Isles of Scilly,UA,Persons,<75 yrs,,,2020 - 22,,,,,,,,Value for Cornwall and Isles of Scilly combined,Cannot be calculated,Not compared,Not compared,20200000,,,3y,,False,False,,
40501,Under 75 mortality rate from cancer,E92000001,England,E06000054,Wiltshire,UA,Persons,<75 yrs,,,2020 - 22,109.26643,104.02366,114.70431,101.08987,117.89342,1640.0,1373656.0,,Cannot be calculated,Better,Not compared,20200000,,,3y,-0.7624136358374609,True,True,10.68065,16.80355
40501,Under 75 mortality rate from cancer,E92000001,England,E06000055,Bedford,UA,Persons,<75 yrs,,,2020 - 22,125.70732,115.63321,136.42239,110.11395,142.77773,577.0,511311.0,,Cannot be calculated,Similar,Not compared,20200000,,,3y,0.2227897505670035,True,True,20.78918,32.66377999999999
40501,Under 75 mortality rate from cancer,E92000001,England,E06000056,Central Bedfordshire,UA,Persons,<75 yrs,,,2020 - 22,124.64925,116.94455,132.72748,112.67193,137.48823,978.0,813020.0,,Cannot be calculated,Similar,Not compared,20200000,,,3y,0.15938599644828047,True,True,15.782930000000007,24.816299999999984
40501,Under 75 mortality rate from cancer,E92000001,England,E06000057,Northumberland,UA,Persons,<75 yrs,,,2020 - 22,116.92348,110.56143,123.55297,107.01508,127.44909,1292.0,853508.0,,Cannot be calculated,Similar,Not compared,20200000,,,3y,-0.30357280727718805,True,True,12.99154,20.43401
40501,Under 75 mortality rate from cancer,E92000001,England,E06000058,"Bournemouth, Christchurch and Poole",UA,Persons,<75 yrs,,,2020 - 22,121.33752,114.90689,128.03367,111.32016,131.9677,1338.0,1069716.0,,Cannot be calculated,Similar,Not compared,20200000,,,3y,-0.039066010155817905,True,True,13.126779999999997,20.647540000000006
40501,Under 75 mortality rate from cancer,E92000001,England,E06000059,Dorset,UA,Persons,<75 yrs,,,2020 - 22,106.76604,101.18921,112.56506,98.07506,115.96986,1435.0,973853.0,,Cannot be calculated,Better,Not compared,20200000,,,3y,-0.9122469292499134,True,True,11.37585,17.894800000000004
40501,Under 75 mortality rate from cancer,E92000001,England,E06000060,Buckinghamshire UA,UA,Persons,<75 yrs,,,2020 - 22,108.84697,103.55334,114.34061,100.59244,117.56322,1592.0,1511395.0,,Cannot be calculated,Better,Not compared,20200000,,,3y,-0.7875493439689074,True,True,10.787269999999992,16.970780000000005
40501,Under 75 mortality rate from cancer,E92000001,England,E06000061,North Northamptonshire,UA,Persons,<75 yrs,,,2020 - 22,129.07927,121.99169,136.47073,118.04357,140.81624,1243.0,991322.0,,Cannot be calculated,Similar,Not compared,20200000,,,3y,0.4248503785978794,True,True,14.479039999999998,22.77266999999999
40501,Under 75 mortality rate from cancer,E92000001,England,E06000062,West Northamptonshire,UA,Persons,<75 yrs,,,2020 - 22,127.95281,121.29928,134.87576,117.58585,138.94162,1390.0,1178466.0,,Cannot be calculated,Similar,Not compared,20200000,,,3y,0.35734842422380464,True,True,13.576480000000018,21.355770000000007
40501,Under 75 mortality rate from cancer,E92000001,England,E06000063,Cumberland,UA,Persons,<75 yrs,,,2020 - 22,131.80877,124.23959,139.71597,120.02923,144.36827,1148.0,733596.0,,Cannot be calculated,Worse,Not compared,20200000,,,3y,0.588412852599651,True,True,15.476379999999992,24.339039999999997
40501,Under 75 mortality rate from cancer,E92000001,England,E06000064,Westmorland and Furness,UA,Persons,<75 yrs,,,2020 - 22,114.80002,107.26147,122.72464,103.09014,127.40033,879.0,596838.0,,Cannot be calculated,Better,Not compared,20200000,,,3y,-0.43081895896936645,True,True,15.463169999999991,24.31018999999999
40501,Under 75 mortality rate from cancer,E92000001,England,E06000065,North Yorkshire UA,UA,Persons,<75 yrs,,,2020 - 22,111.0039,106.43376,115.71843,103.86476,118.47649,2262.0,1632641.0,,Cannot be calculated,Better,Not compared,20200000,,,3y,-0.6582975370267415,True,True,9.284669999999991,14.611729999999994
40501,Under 75 mortality rate from cancer,E92000001,England,E06000066,Somerset UA,UA,Persons,<75 yrs,,,2020 - 22,115.6191,110.68482,120.71512,107.91378,123.69792,2104.0,1510127.0,,Cannot be calculated,Better,Not compared,20200000,,,3y,-0.381736434255913,True,True,10.030299999999997,15.784139999999994
40501,Under 75 mortality rate from cancer,E92000001,England,E07000008,Cambridge,District,Persons,<75 yrs,,,2020 - 22,109.79488,97.08581,123.68896,90.28525,132.02987,277.0,411596.0,,Cannot be calculated,Similar,Not compared,20200000,,,3y,-0.730746814300096,True,True,26.60315,41.74461999999998
40501,Under 75 mortality rate from cancer,E92000001,England,E07000009,East Cambridgeshire,District,Persons,<75 yrs,,,2020 - 22,115.82796,102.82755,130.01387,95.85976,138.52303,289.0,238179.0,,Cannot be calculated,Similar,Not compared,20200000,,,3y,-0.36922071404341616,True,True,27.186319999999995,42.66327000000001
40501,Under 75 mortality rate from cancer,E92000001,England,E07000010,Fenland,District,Persons,<75 yrs,,,2020 - 22,137.95992,125.21458,151.64633,118.28854,159.79844,433.0,274474.0,,Cannot be calculated,Worse,Not compared,20200000,,,3y,0.9570141759028191,True,True,26.431750000000008,41.5099
40501,Under 75 mortality rate from cancer,E92000001,England,E07000011,Huntingdonshire,District,Persons,<75 yrs,,,2020 - 22,107.71214,98.91921,117.07587,94.10684,122.6327,555.0,492068.0,,Cannot be calculated,Better,Not compared,20200000,,,3y,-0.855552861965401,True,True,18.156659999999988,28.525859999999994
40501,Under 75 mortality rate from cancer,E92000001,England,E07000012,South Cambridgeshire,District,Persons,<75 yrs,,,2020 - 22,97.68995,88.64425,107.40678,83.73006,113.19531,429.0,442157.0,,Cannot be calculated,Better,Not compared,20200000,,,3y,-1.4561222671003402,False,True,18.762529999999998,29.46525000000001
40501,Under 75 mortality rate from cancer,E92000001,England,E07000032,Amber Valley,District,Persons,<75 yrs,,,2020 - 22,115.46551,105.05383,126.62555,99.38709,133.26752,456.0,339858.0,,Cannot be calculated,Similar,Not compared,20200000,,,3y,-0.3909401566893014,True,True,21.57172,33.88042999999999
40501,Under 75 mortality rate from cancer,E92000001,England,E07000033,Bolsover,District,Persons,<75 yrs,,,2020 - 22,155.21773,139.59993,172.10143,131.1616,182.18763,362.0,219022.0,,Cannot be calculated,Worse,Not compared,20200000,,,3y,1.991170651247208,False,True,32.50149999999999,51.02603000000002
40501,Under 75 mortality rate from cancer,E92000001,England,E07000034,Chesterfield,District,Persons,<75 yrs,,,2020 - 22,149.3832,136.0431,163.67461,128.77923,172.17823,463.0,280077.0,,Cannot be calculated,Worse,Not compared,20200000,,,3y,1.641542455080307,False,True,27.63150999999999,43.399
40501,Under 75 mortality rate from cancer,E92000001,England,E07000035,Derbyshire Dales,District,Persons,<75 yrs,,,2020 - 22,100.3774,88.44645,113.45152,82.0753,121.30821,263.0,185645.0,,Cannot be calculated,Better,Not compared,20200000,,,3y,-1.295079596004513,False,True,25.005070000000003,39.232910000000004
40501,Under 75 mortality rate from cancer,E92000001,England,E07000036,Erewash,District,Persons,<75 yrs,,,2020 - 22,131.34699,119.19422,144.40033,112.59159,152.17622,430.0,305782.0,,Cannot be calculated,Similar,Not compared,20200000,,,3y,0.5607411620905692,True,True,25.206109999999995,39.584630000000004
40501,Under 75 mortality rate from cancer,E92000001,England,E07000037,High Peak,District,Persons,<75 yrs,,,2020 - 22,116.93272,104.72189,130.17099,98.14052,138.08932,337.0,246233.0,,Cannot be calculated,Similar,Not compared,20200000,,,3y,-0.3030191098015415,True,True,25.449099999999987,39.94879999999999
40501,Under 75 mortality rate from cancer,E92000001,England,E07000038,North East Derbyshire,District,Persons,<75 yrs,,,2020 - 22,117.65691,106.26067,129.93698,100.08607,137.26256,394.0,270371.0,,Cannot be calculated,Similar,Not compared,20200000,,,3y,-0.25962277052792293,True,True,23.67631,37.17649
40501,Under 75 mortality rate from cancer,E92000001,England,E07000039,South Derbyshire,District,Persons,<75 yrs,,,2020 - 22,113.73802,101.93464,126.53148,95.57158,134.18295,339.0,297544.0,,Cannot be calculated,Similar,Not compared,20200000,,,3y,-0.4944582142871466,True,True,24.59684,38.61137000000001
40501,Under 75 mortality rate from cancer,E92000001,England,E07000040,East Devon,District,Persons,<75 yrs,,,2020 - 22,93.01114,84.65006,101.95994,80.09365,107.28239,476.0,384737.0,,Cannot be calculated,Better,Not compared,20200000,,,3y,-1.7364951335536205,False,True,17.309880000000007,27.18874000000001
40501,Under 75 mortality rate from cancer,E92000001,England,E07000041,Exeter,District,Persons,<75 yrs,,,2020 - 22,120.66797,108.43132,133.90516,101.82356,141.81524,356.0,359599.0,,Cannot be calculated,Similar,Not compared,20200000,,,3y,-0.07918810375094021,True,True,25.473839999999996,39.99167999999999
40501,Under 75 mortality rate from cancer,E92000001,England,E07000042,Mid Devon,District,Persons,<75 yrs,,,2020 - 22,120.50228,107.41467,134.73449,100.3793,143.25869,313.0,220557.0,,Cannot be calculated,Similar,Not compared,20200000,,,3y,-0.08911690621195988,True,True,27.319819999999993,42.87939
40501,Under 75 mortality rate from cancer,E92000001,England,E07000043,North Devon,District,Persons,<75 yrs,,,2020 - 22,111.49287,100.18926,123.7127,94.0819,131.01273,362.0,260066.0,,Cannot be calculated,Similar,Not compared,20200000,,,3y,-0.6289965137944113,True,True,23.523439999999994,36.93083
40501,Under 75 mortality rate from cancer,E92000001,England,E07000044,South Hams,District,Persons,<75 yrs,,,2020 - 22,92.26983,81.86545,103.61115,76.28401,110.41094,296.0,230701.0,,Cannot be calculated,Better,Not compared,20200000,,,3y,-1.7809173711803847,False,True,21.7457,34.12693
40501,Under 75 mortality rate from cancer,E92000001,England,E07000045,Teignbridge,District,Persons,<75 yrs,,,2020 - 22,112.45439,102.79967,122.76127,97.52674,128.8845,514.0,352318.0,,Cannot be calculated,Better,Not compared,20200000,,,3y,-0.5713784189044371,True,True,19.96159999999999,31.35776
40501,Under 75 mortality rate from cancer,E92000001,England,E07000046,Torridge,District,Persons,<75 yrs,,,2020 - 22,108.84615,96.01757,122.88004,89.15696,131.30728,273.0,177543.0,,Cannot be calculated,Better,Not compared,20200000,,,3y,-0.7875984816236727,True,True,26.862469999999988,42.150319999999994
40501,Under 75 mortality rate from cancer,E92000001,England,E07000047,West Devon,District,Persons,<75 yrs,,,2020 - 22,107.8212,94.00833,123.06425,86.67722,132.25215,227.0,148432.0,,Cannot be calculated,Better,Not compared,20200000,,,3y,-0.8490175538816372,True,True,29.05592,45.574929999999995
40501,Under 75 mortality rate from cancer,E92000001,England,E07000061,Eastbourne,District,Persons,<75 yrs,,,2020 - 22,113.15799,101.4492,125.83996,95.13328,133.42241,345.0,267059.0,,Cannot be calculated,Similar,Not compared,20200000,,,3y,-0.5292159141571773,True,True,24.39076,38.289130000000014
40501,Under 75 mortality rate from cancer,E92000001,England,E07000062,Hastings,District,Persons,<75 yrs,,,2020 - 22,146.86131,132.65135,162.17623,124.9535,171.313,392.0,247669.0,,Cannot be calculated,Worse,Not compared,20200000,,,3y,1.490420796329501,False,True,29.524879999999996,46.35949999999998
40501,Under 75 mortality rate from cancer,E92000001,England,E07000063,Lewes,District,Persons,<75 yrs,,,2020 - 22,111.58852,100.31693,123.77111,94.22573,131.04821,364.0,261030.0,,Cannot be calculated,Similar,Not compared,20200000,,,3y,-0.6232647861379649,True,True,23.454179999999994,36.82248000000001
40501,Under 75 mortality rate from cancer,E92000001,England,E07000064,Rother,District,Persons,<75 yrs,,,2020 - 22,121.95206,110.12149,134.67121,103.69906,142.25115,419.0,233847.0,,Cannot be calculated,Similar,Not compared,20200000,,,3y,-0.002240334107805613,True,True,24.549720000000008,38.55208999999999
40501,Under 75 mortality rate from cancer,E92000001,England,E07000065,Wealden,District,Persons,<75 yrs,,,2020 - 22,107.159,98.46112,116.41227,93.69672,121.90111,573.0,418594.0,,Cannot be calculated,Better,Not compared,20200000,,,3y,-0.88869920630295,True,True,17.951150000000013,28.204390000000004
40501,Under 75 mortality rate from cancer,E92000001,England,E07000066,Basildon,District,Persons,<75 yrs,,,2020 - 22,132.01541,121.75828,142.90396,116.12948,149.35662,615.0,519060.0,,Cannot be calculated,Similar,Not compared,20200000,,,3y,0.6007955416004662,True,True,21.145680000000013,33.22713999999999
40501,Under 75 mortality rate from cancer,E92000001,England,E07000067,Braintree,District,Persons,<75 yrs,,,2020 - 22,112.63153,102.95027,122.97617,97.66695,129.12431,500.0,422798.0,,Cannot be calculated,Better,Not compared,20200000,,,3y,-0.5607634869957825,True,True,20.025899999999993,31.45736000000001
40501,Under 75 mortality rate from cancer,E92000001,England,E07000068,Brentwood,District,Persons,<75 yrs,,,2020 - 22,111.14117,97.18286,126.53802,89.77177,135.81691,229.0,207865.0,,Cannot be calculated,Similar,Not compared,20200000,,,3y,-0.6500717737711185,True,True,29.355159999999998,46.04514
40501,Under 75 mortality rate from cancer,E92000001,England,E07000069,Castle Point,District,Persons,<75 yrs,,,2020 - 22,125.18226,112.34602,139.06806,105.41448,147.36572,356.0,235391.0,,Cannot be calculated,Similar,Not compared,20200000,,,3y,0.1913260712853147,True,True,26.722040000000007,41.95124000000001
40501,Under 75 mortality rate from cancer,E92000001,England,E07000070,Chelmsford,District,Persons,<75 yrs,,,2020 - 22,119.89408,110.316,130.07991,105.06778,136.12092,580.0,494290.0,,Cannot be calculated,Similar,Not compared,20200000,,,3y,-0.12556266429508017,True,True,19.76391000000001,31.053140000000013
40501,Under 75 mortality rate from cancer,E92000001,England,E07000071,Colchester,District,Persons,<75 yrs,,,2020 - 22,114.65145,105.24715,124.66853,100.10118,130.61368,551.0,529575.0,,Cannot be calculated,Similar,Not compared,20200000,,,3y,-0.4397218630772412,True,True,19.42138,30.51249999999999
40501,Under 75 mortality rate from cancer,E92000001,England,E07000072,Epping Forest,District,Persons,<75 yrs,,,2020 - 22,109.03345,98.54858,120.32825,92.86638,127.06524,397.0,365615.0,,Cannot be calculated,Better,Not compared,20200000,,,3y,-0.7763747221876833,True,True,21.779669999999996,34.198859999999996
40501,Under 75 mortality rate from cancer,E92000001,England,E07000073,Harlow,District,Persons,<75 yrs,,,2020 - 22,117.31846,103.03928,133.01175,95.43357,142.45436,247.0,261446.0,,Cannot be calculated,Similar,Not compared,20200000,,,3y,-0.2799040379123885,True,True,29.97247,47.020790000000005
40501,Under 75 mortality rate from cancer,E92000001,England,E07000074,Maldon,District,Persons,<75 yrs,,,2020 - 22,122.53445,108.09466,138.34687,100.37914,147.84626,267.0,175398.0,,Cannot be calculated,Similar,Not compared,20200000,,,3y,0.032658786329597705,True,True,30.25220999999999,47.467119999999994
40501,Under 75 mortality rate from cancer,E92000001,England,E07000075,Rochford,District,Persons,<75 yrs,,,2020 - 22,112.46546,99.83377,126.24486,93.06183,134.5091,291.0,228582.0,,Cannot be calculated,Similar,Not compared,20200000,,,3y,-0.5707150605651083,True,True,26.41109,41.44726999999999
40501,Under 75 mortality rate from cancer,E92000001,England,E07000076,Tendring,District,Persons,<75 yrs,,,2020 - 22,138.03758,127.67534,148.99693,121.97093,155.48079,699.0,380441.0,,Cannot be calculated,Worse,Not compared,20200000,,,3y,0.9616678713528922,True,True,21.321589999999986,33.50986000000002
40501,Under 75 mortality rate from cancer,E92000001,England,E07000077,Uttlesford,District,Persons,<75 yrs,,,2020 - 22,97.33562,85.72188,110.08036,79.52783,117.74386,255.0,248390.0,,Cannot be calculated,Better,Not compared,20200000,,,3y,-1.477355127116111,False,True,24.35848,38.21603
40501,Under 75 mortality rate from cancer,E92000001,England,E07000078,Cheltenham,District,Persons,<75 yrs,,,2020 - 22,116.37271,104.57584,129.13416,98.20556,136.75995,356.0,322188.0,,Cannot be calculated,Similar,Not compared,20200000,,,3y,-0.3365771318076719,True,True,24.55832000000001,38.55439
40501,Under 75 mortality rate from cancer,E92000001,England,E07000079,Cotswold,District,Persons,<75 yrs,,,2020 - 22,109.34922,97.82866,121.84521,91.62193,129.32113,333.0,237436.0,,Cannot be calculated,Better,Not compared,20200000,,,3y,-0.7574525304252582,True,True,24.016549999999995,37.699200000000005
40501,Under 75 mortality rate from cancer,E92000001,England,E07000080,Forest of Dean,District,Persons,<75 yrs,,,2020 - 22,119.94965,107.55845,133.36457,100.87178,141.38362,349.0,230930.0,,Cannot be calculated,Similar,Not compared,20200000,,,3y,-0.12223268932520331,True,True,25.806119999999993,40.51184000000001
40501,Under 75 mortality rate from cancer,E92000001,England,E07000081,Gloucester,District,Persons,<75 yrs,,,2020 - 22,137.2381,124.84286,150.52733,118.09787,158.4373,453.0,366457.0,,Cannot be calculated,Worse,Not compared,20200000,,,3y,0.9137598564362648,True,True,25.684470000000005,40.33942999999999
40501,Under 75 mortality rate from cancer,E92000001,England,E07000082,Stroud,District,Persons,<75 yrs,,,2020 - 22,107.9762,97.77661,118.94571,92.24125,125.48396,415.0,324179.0,,Cannot be calculated,Better,Not compared,20200000,,,3y,-0.839729338651641,True,True,21.1691,33.24271
40501,Under 75 mortality rate from cancer,E92000001,England,E07000083,Tewkesbury,District,Persons,<75 yrs,,,2020 - 22,120.19681,107.57104,133.89327,100.7696,142.08783,332.0,254997.0,,Cannot be calculated,Similar,Not compared,20200000,,,3y,-0.10742188109135943,True,True,26.322230000000005,41.31823
40501,Under 75 mortality rate from cancer,E92000001,England,E07000084,Basingstoke and Deane,District,Persons,<75 yrs,,,2020 - 22,99.64837,90.89505,109.01498,86.12401,114.58541,479.0,511640.0,,Cannot be calculated,Better,Not compared,20200000,,,3y,-1.3387659672891843,False,True,18.119929999999997,28.461399999999998
40501,Under 75 mortality rate from cancer,E92000001,England,E07000085,East Hampshire,District,Persons,<75 yrs,,,2020 - 22,95.10332,85.57033,105.4035,80.41727,111.55531,367.0,333772.0,,Cannot be calculated,Better,Not compared,20200000,,,3y,-1.6111234036188242,False,True,19.833169999999996,31.138040000000004
40501,Under 75 mortality rate from cancer,E92000001,England,E07000086,Eastleigh,District,Persons,<75 yrs,,,2020 - 22,110.74474,100.27521,122.00956,94.59552,128.72514,410.0,371109.0,,Cannot be calculated,Better,Not compared,20200000,,,3y,-0.6738274328912957,True,True,21.734349999999992,34.12962000000002
40501,Under 75 mortality rate from cancer,E92000001,England,E07000087,Fareham,District,Persons,<75 yrs,,,2020 - 22,109.95932,99.16583,121.60002,93.32218,128.54685,385.0,301035.0,,Cannot be calculated,Better,Not compared,20200000,,,3y,-0.7208929168006085,True,True,22.43419,35.22467
40501,Under 75 mortality rate from cancer,E92000001,England,E07000088,Gosport,District,Persons,<75 yrs,,,2020 - 22,145.28812,130.3738,161.43464,122.32556,171.08655,349.0,221943.0,,Cannot be calculated,Worse,Not compared,20200000,,,3y,1.3961490071831926,False,True,31.060840000000013,48.76098999999999
40501,Under 75 mortality rate from cancer,E92000001,England,E07000089,Hart,District,Persons,<75 yrs,,,2020 - 22,80.72516,70.2556,92.31025,64.71218,99.30149,215.0,269579.0,,Cannot be calculated,Better,Not compared,20200000,,,3y,-2.4727198209821917,False,False,22.054649999999995,34.58931
40501,Under 75 mortality rate from cancer,E92000001,England,E07000090,Havant,District,Persons,<75 yrs,,,2020 - 22,127.57342,116.41631,139.50474,110.3318,146.59845,488.0,327841.0,,Cannot be calculated,Similar,Not compared,20200000,,,3y,0.3346138695392352,True,True,23.088430000000002,36.26665000000001
40501,Under 75 mortality rate from cancer,E92000001,England,E07000091,New Forest,District,Persons,<75 yrs,,,2020 - 22,98.36369,90.50444,106.71297,86.19425,111.66246,600.0,448348.0,,Cannot be calculated,Better,Not compared,20200000,,,3y,-1.4157490920741613,False,True,16.208529999999996,25.46821
40501,Under 75 mortality rate from cancer,E92000001,England,E07000092,Rushmoor,District,Persons,<75 yrs,,,2020 - 22,116.66444,103.14203,131.45736,95.91036,140.34038,273.0,280156.0,,Cannot be calculated,Similar,Not compared,20200000,,,3y,-0.3190955122654345,True,True,28.31532999999999,44.43002000000001
40501,Under 75 mortality rate from cancer,E92000001,England,E07000093,Test Valley,District,Persons,<75 yrs,,,2020 - 22,113.45528,102.86902,124.83275,97.12039,131.61209,423.0,351943.0,,Cannot be calculated,Similar,Not compared,20200000,,,3y,-0.5114011173460444,True,True,21.963729999999998,34.491699999999994
40501,Under 75 mortality rate from cancer,E92000001,England,E07000094,Winchester,District,Persons,<75 yrs,,,2020 - 22,93.8265,83.96424,104.52641,78.65205,110.9285,331.0,343532.0,,Cannot be calculated,Better,Not compared,20200000,,,3y,-1.687635526005687,False,True,20.562169999999995,32.27645
40501,Under 75 mortality rate from cancer,E92000001,England,E07000095,Broxbourne,District,Persons,<75 yrs,,,2020 - 22,116.62151,103.43877,131.01297,96.37606,139.64714,286.0,271657.0,,Cannot be calculated,Similar,Not compared,20200000,,,3y,-0.32166804826429723,True,True,27.57419999999999,43.27108000000001
40501,Under 75 mortality rate from cancer,E92000001,England,E07000096,Dacorum,District,Persons,<75 yrs,,,2020 - 22,107.76017,97.70599,118.5658,92.2463,125.0044,423.0,427238.0,,Cannot be calculated,Better,Not compared,20200000,,,3y,-0.8526747137234869,True,True,20.859809999999996,32.7581
40501,Under 75 mortality rate from cancer,E92000001,England,E07000098,Hertsmere,District,Persons,<75 yrs,,,2020 - 22,108.82688,96.76415,121.97397,90.29226,129.85593,297.0,295220.0,,Cannot be calculated,Better,Not compared,20200000,,,3y,-0.7887532165106531,True,True,25.209819999999993,39.56367
40501,Under 75 mortality rate from cancer,E92000001,England,E07000099,North Hertfordshire,District,Persons,<75 yrs,,,2020 - 22,102.62909,92.33639,113.75367,86.77418,120.39879,364.0,362116.0,,Cannot be calculated,Better,Not compared,20200000,,,3y,-1.1601493937385114,False,True,21.417280000000005,33.624610000000004
40501,Under 75 mortality rate from cancer,E92000001,England,E07000102,Three Rivers,District,Persons,<75 yrs,,,2020 - 22,90.58199,78.92235,103.47492,72.745,111.25303,218.0,257089.0,,Cannot be calculated,Better,Not compared,20200000,,,3y,-1.8820594433984281,False,True,24.552570000000003,38.50802999999999
40501,Under 75 mortality rate from cancer,E92000001,England,E07000103,Watford,District,Persons,<75 yrs,,,2020 - 22,114.65649,100.3034,130.46226,92.67154,139.9807,237.0,289406.0,,Cannot be calculated,Similar,Not compared,20200000,,,3y,-0.4394198462723428,True,True,30.15885999999999,47.30916000000002
40501,Under 75 mortality rate from cancer,E92000001,England,E07000105,Ashford,District,Persons,<75 yrs,,,2020 - 22,117.28997,106.38456,129.00745,100.46133,135.9886,426.0,362937.0,,Cannot be calculated,Similar,Not compared,20200000,,,3y,-0.28161127179563133,True,True,22.622890000000012,35.52726999999999
40501,Under 75 mortality rate from cancer,E92000001,England,E07000106,Canterbury,District,Persons,<75 yrs,,,2020 - 22,118.41516,108.44107,129.05562,102.99051,135.3751,525.0,420914.0,,Cannot be calculated,Similar,Not compared,20200000,,,3y,-0.2141854208624736,True,True,20.61455000000001,32.38459
40501,Under 75 mortality rate from cancer,E92000001,England,E07000107,Dartford,District,Persons,<75 yrs,,,2020 - 22,116.90059,103.74685,131.24518,96.69321,139.84728,293.0,328336.0,,Cannot be calculated,Similar,Not compared,20200000,,,3y,-0.3049444669327664,True,True,27.49833000000001,43.15407000000002
40501,Under 75 mortality rate from cancer,E92000001,England,E07000108,Dover,District,Persons,<75 yrs,,,2020 - 22,119.48663,108.60055,131.16241,102.67874,138.11321,448.0,310738.0,,Cannot be calculated,Similar,Not compared,20200000,,,3y,-0.14997868555612484,True,True,22.561859999999996,35.434470000000005
40501,Under 75 mortality rate from cancer,E92000001,England,E07000109,Gravesham,District,Persons,<75 yrs,,,2020 - 22,136.77602,123.0321,151.63235,115.60554,160.507,363.0,294332.0,,Cannot be calculated,Similar,Not compared,20200000,,,3y,0.8860701887364146,True,True,28.600250000000003,44.90146
40501,Under 75 mortality rate from cancer,E92000001,England,E07000110,Maidstone,District,Persons,<75 yrs,,,2020 - 22,106.09721,96.96169,115.86001,91.97677,121.66269,498.0,481759.0,,Cannot be calculated,Better,Not compared,20200000,,,3y,-0.952325877587193,True,True,18.89832,29.685919999999996
40501,Under 75 mortality rate from cancer,E92000001,England,E07000111,Sevenoaks,District,Persons,<75 yrs,,,2020 - 22,110.94989,100.05551,122.70406,94.15924,129.71984,381.0,323089.0,,Cannot be calculated,Better,Not compared,20200000,,,3y,-0.6615340306046263,True,True,22.64855,35.56060000000001
40501,Under 75 mortality rate from cancer,E92000001,England,E07000112,Folkestone & Hythe,District,Persons,<75 yrs,,,2020 - 22,133.8594,121.94374,146.61447,115.45103,154.20126,474.0,290356.0,,Cannot be calculated,Similar,Not compared,20200000,,,3y,0.7112947416131151,True,True,24.670730000000006,38.75022999999999
40501,Under 75 mortality rate from cancer,E92000001,England,E07000113,Swale,District,Persons,<75 yrs,,,2020 - 22,135.31005,124.37374,146.94848,118.38488,153.85315,567.0,417442.0,,Cannot be calculated,Worse,Not compared,20200000,,,3y,0.7982234475704953,True,True,22.57473999999999,35.468270000000004
40501,Under 75 mortality rate from cancer,E92000001,England,E07000114,Thanet,District,Persons,<75 yrs,,,2020 - 22,148.52478,137.15672,160.57785,130.91177,167.71671,641.0,373741.0,,Cannot be calculated,Worse,Not compared,20200000,,,3y,1.5901025214175117,False,True,23.421130000000005,36.804940000000016
40501,Under 75 mortality rate from cancer,E92000001,England,E07000115,Tonbridge and Malling,District,Persons,<75 yrs,,,2020 - 22,118.98253,107.8326,130.96992,101.77968,138.11376,419.0,360443.0,,Cannot be calculated,Similar,Not compared,20200000,,,3y,-0.18018635844284195,True,True,23.137320000000003,36.334080000000014
40501,Under 75 mortality rate from cancer,E92000001,England,E07000116,Tunbridge Wells,District,Persons,<75 yrs,,,2020 - 22,121.62667,109.58503,134.62654,103.07124,142.38792,375.0,312887.0,,Cannot be calculated,Similar,Not compared,20200000,,,3y,-0.021738994454182696,True,True,25.041510000000002,39.316680000000005
40501,Under 75 mortality rate from cancer,E92000001,England,E07000117,Burnley,District,Persons,<75 yrs,,,2020 - 22,145.68244,131.05497,161.49383,123.15099,170.93899,363.0,261536.0,,Cannot be calculated,Worse,Not compared,20200000,,,3y,1.4197782267283041,False,True,30.438860000000005,47.788
40501,Under 75 mortality rate from cancer,E92000001,England,E07000118,Chorley,District,Persons,<75 yrs,,,2020 - 22,121.54911,110.2001,133.74737,104.03774,141.01606,422.0,320665.0,,Cannot be calculated,Similar,Not compared,20200000,,,3y,-0.026386697507334658,True,True,23.547269999999983,36.97832000000001
40501,Under 75 mortality rate from cancer,E92000001,England,E07000119,Fylde,District,Persons,<75 yrs,,,2020 - 22,117.62196,105.04062,131.27529,98.2653,139.44538,329.0,210911.0,,Cannot be calculated,Similar,Not compared,20200000,,,3y,-0.2617171132523637,True,True,26.23467000000001,41.180080000000004
40501,Under 75 mortality rate from cancer,E92000001,England,E07000120,Hyndburn,District,Persons,<75 yrs,,,2020 - 22,140.89834,125.52372,157.63358,117.26579,167.66112,306.0,226985.0,,Cannot be calculated,Worse,Not compared,20200000,,,3y,1.1330959655552397,False,True,32.10986,50.395330000000016
40501,Under 75 mortality rate from cancer,E92000001,England,E07000121,Lancaster,District,Persons,<75 yrs,,,2020 - 22,137.0256,125.64881,149.15219,119.42722,156.35158,539.0,385661.0,,Cannot be calculated,Worse,Not compared,20200000,,,3y,0.9010260129757859,True,True,23.503379999999993,36.92436000000001
40501,Under 75 mortality rate from cancer,E92000001,England,E07000122,Pendle,District,Persons,<75 yrs,,,2020 - 22,124.76497,111.3104,139.39623,104.07777,148.15944,313.0,263893.0,,Cannot be calculated,Similar,Not compared,20200000,,,3y,0.16632039816708855,True,True,28.08583,44.08166999999999
40501,Under 75 mortality rate from cancer,E92000001,England,E07000123,Preston,District,Persons,<75 yrs,,,2020 - 22,151.57399,138.58969,165.44251,131.50143,173.68357,506.0,414932.0,,Cannot be calculated,Worse,Not compared,20200000,,,3y,1.772823287620459,False,True,26.85282000000001,42.182140000000004
40501,Under 75 mortality rate from cancer,E92000001,England,E07000124,Ribble Valley,District,Persons,<75 yrs,,,2020 - 22,110.98565,96.82567,126.62205,89.31469,136.04974,224.0,163978.0,,Cannot be calculated,Similar,Not compared,20200000,,,3y,-0.6593911494651118,True,True,29.79638,46.735050000000015
40501,Under 75 mortality rate from cancer,E92000001,England,E07000125,Rossendale,District,Persons,<75 yrs,,,2020 - 22,145.40845,129.36854,162.88517,120.76067,173.36152,299.0,195310.0,,Cannot be calculated,Worse,Not compared,20200000,,,3y,1.4033596584001307,False,True,33.51662999999999,52.60085000000001
40501,Under 75 mortality rate from cancer,E92000001,England,E07000126,South Ribble,District,Persons,<75 yrs,,,2020 - 22,113.27984,102.09665,125.35048,96.04618,132.55643,377.0,299968.0,,Cannot be calculated,Similar,Not compared,20200000,,,3y,-0.5219141785070162,True,True,23.253830000000008,36.51025
40501,Under 75 mortality rate from cancer,E92000001,England,E07000127,West Lancashire,District,Persons,<75 yrs,,,2020 - 22,123.15961,111.76918,135.39106,105.57942,142.67656,433.0,315830.0,,Cannot be calculated,Similar,Not compared,20200000,,,3y,0.07012085493078712,True,True,23.621880000000004,37.097139999999996
40501,Under 75 mortality rate from cancer,E92000001,England,E07000128,Wyre,District,Persons,<75 yrs,,,2020 - 22,130.0135,118.70581,142.09522,112.53456,149.27555,501.0,291470.0,,Cannot be calculated,Similar,Not compared,20200000,,,3y,0.48083314836768065,True,True,23.389410000000012,36.74099000000001
40501,Under 75 mortality rate from cancer,E92000001,England,E07000129,Blaby,District,Persons,<75 yrs,,,2020 - 22,118.12434,105.90762,131.36112,99.3197,139.27649,342.0,279232.0,,Cannot be calculated,Similar,Not compared,20200000,,,3y,-0.2316125095927153,True,True,25.453500000000005,39.95679
40501,Under 75 mortality rate from cancer,E92000001,England,E07000130,Charnwood,District,Persons,<75 yrs,,,2020 - 22,116.84107,107.39161,126.89831,102.21745,132.86521,565.0,500823.0,,Cannot be calculated,Similar,Not compared,20200000,,,3y,-0.30851114158108445,True,True,19.506699999999995,30.64775999999999
40501,Under 75 mortality rate from cancer,E92000001,England,E07000131,Harborough,District,Persons,<75 yrs,,,2020 - 22,110.39813,98.64055,123.16721,92.31298,130.8107,323.0,263007.0,,Cannot be calculated,Better,Not compared,20200000,,,3y,-0.6945976798646438,True,True,24.526659999999993,38.49772
40501,Under 75 mortality rate from cancer,E92000001,England,E07000132,Hinckley and Bosworth,District,Persons,<75 yrs,,,2020 - 22,113.90848,102.93481,125.72984,96.98772,132.7809,397.0,305534.0,,Cannot be calculated,Similar,Not compared,20200000,,,3y,-0.4842435744929204,True,True,22.795029999999997,35.79318000000001
40501,Under 75 mortality rate from cancer,E92000001,England,E07000133,Melton,District,Persons,<75 yrs,,,2020 - 22,133.01584,115.94847,151.87124,106.89884,163.24196,222.0,138921.0,,Cannot be calculated,Similar,Not compared,20200000,,,3y,0.6607452781330148,True,True,35.92277,56.34312
40501,Under 75 mortality rate from cancer,E92000001,England,E07000134,North West Leicestershire,District,Persons,<75 yrs,,,2020 - 22,126.62872,114.29475,139.92821,107.61594,147.86427,387.0,287301.0,,Cannot be calculated,Similar,Not compared,20200000,,,3y,0.27800369581163925,True,True,25.633460000000014,40.24833000000001
40501,Under 75 mortality rate from cancer,E92000001,England,E07000135,Oadby and Wigston,District,Persons,<75 yrs,,,2020 - 22,108.27135,92.62657,125.79819,84.43252,136.43107,171.0,154964.0,,Cannot be calculated,Similar,Not compared,20200000,,,3y,-0.822042779134652,True,True,33.171620000000004,51.99855000000001
40501,Under 75 mortality rate from cancer,E92000001,England,E07000136,Boston,District,Persons,<75 yrs,,,2020 - 22,143.06797,126.82645,160.80971,118.12968,171.45677,282.0,191142.0,,Cannot be calculated,Worse,Not compared,20200000,,,3y,1.2631088069065737,False,True,33.98326,53.32709000000001
40501,Under 75 mortality rate from cancer,E92000001,England,E07000137,East Lindsey,District,Persons,<75 yrs,,,2020 - 22,136.76756,126.73036,147.36796,121.19819,153.63545,736.0,367669.0,,Cannot be calculated,Worse,Not compared,20200000,,,3y,0.8855632319567655,True,True,20.637600000000006,32.437259999999995
40501,Under 75 mortality rate from cancer,E92000001,England,E07000138,Lincoln,District,Persons,<75 yrs,,,2020 - 22,152.59529,136.74757,169.77031,128.20336,180.04174,340.0,287224.0,,Cannot be calculated,Worse,Not compared,20200000,,,3y,1.8340236373907497,False,True,33.02274,51.83838
40501,Under 75 mortality rate from cancer,E92000001,England,E07000139,North Kesteven,District,Persons,<75 yrs,,,2020 - 22,112.1922,101.47095,123.73204,95.65649,130.61266,406.0,314393.0,,Cannot be calculated,Similar,Not compared,20200000,,,3y,-0.587089884395745,True,True,22.261089999999996,34.95617
40501,Under 75 mortality rate from cancer,E92000001,England,E07000140,South Holland,District,Persons,<75 yrs,,,2020 - 22,111.85393,100.08139,124.62481,93.73957,132.26561,332.0,253051.0,,Cannot be calculated,Similar,Not compared,20200000,,,3y,-0.60736036546575,True,True,24.543419999999998,38.52604000000001
40501,Under 75 mortality rate from cancer,E92000001,England,E07000141,South Kesteven,District,Persons,<75 yrs,,,2020 - 22,115.23298,105.38027,125.75459,100.00069,132.00629,509.0,383483.0,,Cannot be calculated,Similar,Not compared,20200000,,,3y,-0.4048742772533723,True,True,20.374319999999997,32.0056
40501,Under 75 mortality rate from cancer,E92000001,England,E07000142,West Lindsey,District,Persons,<75 yrs,,,2020 - 22,113.07634,101.46946,125.63365,95.20238,133.13781,355.0,252846.0,,Cannot be calculated,Similar,Not compared,20200000,,,3y,-0.5341087062444622,True,True,24.164190000000005,37.93543
40501,Under 75 mortality rate from cancer,E92000001,England,E07000143,Breckland,District,Persons,<75 yrs,,,2020 - 22,119.57372,109.60529,130.19977,104.15416,136.50847,538.0,374110.0,,Cannot be calculated,Similar,Not compared,20200000,,,3y,-0.14475990707625214,True,True,20.594480000000004,32.354309999999984
40501,Under 75 mortality rate from cancer,E92000001,England,E07000144,Broadland,District,Persons,<75 yrs,,,2020 - 22,102.99238,93.51684,113.16094,88.36479,119.21595,441.0,345478.0,,Cannot be calculated,Better,Not compared,20200000,,,3y,-1.1383796149584777,False,True,19.644099999999995,30.851160000000007
40501,Under 75 mortality rate from cancer,E92000001,England,E07000145,Great Yarmouth,District,Persons,<75 yrs,,,2020 - 22,149.32586,135.9515,163.65077,128.66759,172.1735,466.0,265612.0,,Cannot be calculated,Worse,Not compared,20200000,,,3y,1.6381064146849018,False,True,27.699269999999984,43.50591
40501,Under 75 mortality rate from cancer,E92000001,England,E07000146,King's Lynn and West Norfolk,District,Persons,<75 yrs,,,2020 - 22,123.67674,113.99268,133.95694,108.67836,140.04909,615.0,404386.0,,Cannot be calculated,Similar,Not compared,20200000,,,3y,0.10110933713651536,True,True,19.96426000000001,31.37073000000001
40501,Under 75 mortality rate from cancer,E92000001,England,E07000147,North Norfolk,District,Persons,<75 yrs,,,2020 - 22,121.08765,109.82799,133.14489,103.69463,140.31775,469.0,257275.0,,Cannot be calculated,Similar,Not compared,20200000,,,3y,-0.0540392123462641,True,True,23.316900000000004,36.623119999999986
40501,Under 75 mortality rate from cancer,E92000001,England,E07000148,Norwich,District,Persons,<75 yrs,,,2020 - 22,119.34102,107.38062,132.26672,100.91659,139.98735,365.0,400810.0,,Cannot be calculated,Similar,Not compared,20200000,,,3y,-0.15870421471509122,True,True,24.8861,39.07075999999999
40501,Under 75 mortality rate from cancer,E92000001,England,E07000149,South Norfolk,District,Persons,<75 yrs,,,2020 - 22,107.23558,97.72969,117.41112,92.55005,123.46358,474.0,375631.0,,Cannot be calculated,Better,Not compared,20200000,,,3y,-0.88411022873964,True,True,19.68142999999999,30.913529999999994
40501,Under 75 mortality rate from cancer,E92000001,England,E07000170,Ashfield,District,Persons,<75 yrs,,,2020 - 22,142.63746,130.38361,155.73096,123.69637,163.51285,500.0,344746.0,,Cannot be calculated,Worse,Not compared,20200000,,,3y,1.2373109389151824,False,True,25.347350000000006,39.816479999999984
40501,Under 75 mortality rate from cancer,E92000001,England,E07000171,Bassetlaw,District,Persons,<75 yrs,,,2020 - 22,144.16575,131.97583,157.17497,125.31649,164.90255,519.0,318430.0,,Cannot be calculated,Worse,Not compared,20200000,,,3y,1.3288921418432524,False,True,25.19914,39.58605999999999
40501,Under 75 mortality rate from cancer,E92000001,England,E07000172,Broxtowe,District,Persons,<75 yrs,,,2020 - 22,118.62268,106.97524,131.18809,100.67086,138.68775,382.0,299068.0,,Cannot be calculated,Similar,Not compared,20200000,,,3y,-0.20174999876873922,True,True,24.21284999999999,38.01688999999999
40501,Under 75 mortality rate from cancer,E92000001,England,E07000173,Gedling,District,Persons,<75 yrs,,,2020 - 22,135.26947,123.21301,148.18376,116.64727,155.86748,465.0,315950.0,,Cannot be calculated,Similar,Not compared,20200000,,,3y,0.7957917328993145,True,True,24.97075000000001,39.220209999999994
40501,Under 75 mortality rate from cancer,E92000001,England,E07000174,Mansfield,District,Persons,<75 yrs,,,2020 - 22,145.03297,131.85864,159.16521,124.69304,167.57897,446.0,302037.0,,Cannot be calculated,Worse,Not compared,20200000,,,3y,1.380859406435235,False,True,27.306569999999994,42.88593
40501,Under 75 mortality rate from cancer,E92000001,England,E07000175,Newark and Sherwood,District,Persons,<75 yrs,,,2020 - 22,122.71771,111.7377,134.48072,105.75893,141.47991,463.0,331087.0,,Cannot be calculated,Similar,Not compared,20200000,,,3y,0.043640452929913885,True,True,22.743019999999987,35.72097999999998
40501,Under 75 mortality rate from cancer,E92000001,England,E07000176,Rushcliffe,District,Persons,<75 yrs,,,2020 - 22,105.22463,94.65009,116.65506,88.93611,123.48319,363.0,320785.0,,Cannot be calculated,Better,Not compared,20200000,,,3y,-1.0046143346542256,False,True,22.00497,34.547079999999994
40501,Under 75 mortality rate from cancer,E92000001,England,E07000177,Cherwell,District,Persons,<75 yrs,,,2020 - 22,114.68354,104.55242,125.52915,99.03243,131.98038,473.0,444519.0,,Cannot be calculated,Similar,Not compared,20200000,,,3y,-0.43779890290478607,True,True,20.976730000000003,32.94794999999999
40501,Under 75 mortality rate from cancer,E92000001,England,E07000178,Oxford,District,Persons,<75 yrs,,,2020 - 22,111.44274,99.54191,124.36409,93.13583,132.09786,325.0,456556.0,,Cannot be calculated,Similar,Not compared,20200000,,,3y,-0.6320005023716995,True,True,24.822180000000003,38.96203
40501,Under 75 mortality rate from cancer,E92000001,England,E07000179,South Oxfordshire,District,Persons,<75 yrs,,,2020 - 22,102.44302,92.86863,112.73476,87.67023,118.86762,421.0,402549.0,,Cannot be calculated,Better,Not compared,20200000,,,3y,-1.1712994466923528,False,True,19.86613,31.19739
40501,Under 75 mortality rate from cancer,E92000001,England,E07000180,Vale of White Horse,District,Persons,<75 yrs,,,2020 - 22,101.71499,91.75392,112.46113,86.36232,118.87495,382.0,377812.0,,Cannot be calculated,Better,Not compared,20200000,,,3y,-1.214925894007799,False,True,20.707210000000003,32.51263
40501,Under 75 mortality rate from cancer,E92000001,England,E07000181,West Oxfordshire,District,Persons,<75 yrs,,,2020 - 22,104.35306,93.5753,116.02936,87.76276,123.01123,343.0,307644.0,,Cannot be calculated,Better,Not compared,20200000,,,3y,-1.0568422685123406,False,True,22.45406,35.24847
40501,Under 75 mortality rate from cancer,E92000001,England,E07000192,Cannock Chase,District,Persons,<75 yrs,,,2020 - 22,143.93394,130.20334,158.7156,122.75799,167.52986,404.0,273973.0,,Cannot be calculated,Worse,Not compared,20200000,,,3y,1.3150011665370243,False,True,28.512259999999998,44.77187000000001
40501,Under 75 mortality rate from cancer,E92000001,England,E07000193,East Staffordshire,District,Persons,<75 yrs,,,2020 - 22,122.77891,111.1491,135.29327,104.84044,142.75407,409.0,340422.0,,Cannot be calculated,Similar,Not compared,20200000,,,3y,0.0473077998465317,True,True,24.144170000000003,37.91363000000001
40501,Under 75 mortality rate from cancer,E92000001,England,E07000194,Lichfield,District,Persons,<75 yrs,,,2020 - 22,117.40867,105.86796,129.8577,99.62082,137.28756,383.0,282136.0,,Cannot be calculated,Similar,Not compared,20200000,,,3y,-0.27449829664853076,True,True,23.989739999999998,37.66674000000002
40501,Under 75 mortality rate from cancer,E92000001,England,E07000195,Newcastle-under-Lyme,District,Persons,<75 yrs,,,2020 - 22,134.46726,122.72608,147.02579,116.32418,154.49309,485.0,334330.0,,Cannot be calculated,Similar,Not compared,20200000,,,3y,0.7477201255466999,True,True,24.299710000000005,38.16891
40501,Under 75 mortality rate from cancer,E92000001,England,E07000196,South Staffordshire,District,Persons,<75 yrs,,,2020 - 22,112.03819,101.29303,123.60694,95.46698,130.50563,403.0,291093.0,,Cannot be calculated,Similar,Not compared,20200000,,,3y,-0.5963187748962078,True,True,22.313909999999993,35.03864999999999
40501,Under 75 mortality rate from cancer,E92000001,England,E07000197,Stafford,District,Persons,<75 yrs,,,2020 - 22,111.95147,101.97269,122.64027,96.53841,128.99986,465.0,365281.0,,Cannot be calculated,Better,Not compared,20200000,,,3y,-0.6015153815074675,True,True,20.66758,32.46145000000001
40501,Under 75 mortality rate from cancer,E92000001,England,E07000198,Staffordshire Moorlands,District,Persons,<75 yrs,,,2020 - 22,109.8249,98.67581,121.87769,92.65193,129.07794,362.0,251587.0,,Cannot be calculated,Better,Not compared,20200000,,,3y,-0.7289478967439385,True,True,23.201880000000003,36.42601000000002
40501,Under 75 mortality rate from cancer,E92000001,England,E07000199,Tamworth,District,Persons,<75 yrs,,,2020 - 22,131.03541,116.27254,147.15189,108.36327,156.82098,286.0,216815.0,,Cannot be calculated,Similar,Not compared,20200000,,,3y,0.5420700517592005,True,True,30.879350000000002,48.45770999999999
40501,Under 75 mortality rate from cancer,E92000001,England,E07000200,Babergh,District,Persons,<75 yrs,,,2020 - 22,102.56076,91.311,114.79768,85.26501,122.12769,311.0,242010.0,,Cannot be calculated,Better,Not compared,20200000,,,3y,-1.1642439985557094,False,True,23.486679999999993,36.86268
40501,Under 75 mortality rate from cancer,E92000001,England,E07000202,Ipswich,District,Persons,<75 yrs,,,2020 - 22,129.61583,117.6025,142.52155,111.07657,150.21007,428.0,385835.0,,Cannot be calculated,Similar,Not compared,20200000,,,3y,0.4570031835256637,True,True,24.919049999999984,39.1335
40501,Under 75 mortality rate from cancer,E92000001,England,E07000203,Mid Suffolk,District,Persons,<75 yrs,,,2020 - 22,96.91009,86.68448,108.00149,81.17541,114.63709,333.0,273849.0,,Cannot be calculated,Better,Not compared,20200000,,,3y,-1.5028545737407584,False,True,21.31701000000001,33.46168
40501,Under 75 mortality rate from cancer,E92000001,England,E07000207,Elmbridge,District,Persons,<75 yrs,,,2020 - 22,92.89743,83.04638,103.59052,77.74252,109.98992,327.0,379754.0,,Cannot be calculated,Better,Not compared,20200000,,,3y,-1.743309088094284,False,True,20.54414,32.2474
40501,Under 75 mortality rate from cancer,E92000001,England,E07000208,Epsom and Ewell,District,Persons,<75 yrs,,,2020 - 22,99.41106,86.21443,114.04964,79.2421,122.89286,205.0,221732.0,,Cannot be calculated,Better,Not compared,20200000,,,3y,-1.352986524426154,False,True,27.835210000000004,43.650760000000005
40501,Under 75 mortality rate from cancer,E92000001,England,E07000209,Guildford,District,Persons,<75 yrs,,,2020 - 22,98.73615,88.62393,109.68383,83.16705,116.22803,349.0,395359.0,,Cannot be calculated,Better,Not compared,20200000,,,3y,-1.3934298104963272,False,True,21.0599,33.06098
40501,Under 75 mortality rate from cancer,E92000001,England,E07000210,Mole Valley,District,Persons,<75 yrs,,,2020 - 22,97.39061,85.8594,110.03338,79.70453,117.6326,260.0,230285.0,,Cannot be calculated,Better,Not compared,20200000,,,3y,-1.4740599080483858,False,True,24.17398,37.92806999999999
40501,Under 75 mortality rate from cancer,E92000001,England,E07000211,Reigate and Banstead,District,Persons,<75 yrs,,,2020 - 22,105.68489,95.60268,116.53788,90.13522,123.00923,405.0,414950.0,,Cannot be calculated,Better,Not compared,20200000,,,3y,-0.9770337285783678,True,True,20.935199999999995,32.87401
40501,Under 75 mortality rate from cancer,E92000001,England,E07000212,Runnymede,District,Persons,<75 yrs,,,2020 - 22,111.8595,97.98678,127.13944,90.61164,136.34203,236.0,240478.0,,Cannot be calculated,Similar,Not compared,20200000,,,3y,-0.6070265889571629,True,True,29.152659999999997,45.73039
40501,Under 75 mortality rate from cancer,E92000001,England,E07000213,Spelthorne,District,Persons,<75 yrs,,,2020 - 22,98.56303,86.77933,111.49428,80.49462,119.26994,255.0,280560.0,,Cannot be calculated,Better,Not compared,20200000,,,3y,-1.4038038480486945,False,True,24.71495,38.77532000000001
40501,Under 75 mortality rate from cancer,E92000001,England,E07000214,Surrey Heath,District,Persons,<75 yrs,,,2020 - 22,106.03203,93.47204,119.80521,86.7691,128.08452,259.0,244933.0,,Cannot be calculated,Better,Not compared,20200000,,,3y,-0.9562317219013293,True,True,26.333169999999996,41.31542
40501,Under 75 mortality rate from cancer,E92000001,England,E07000215,Tandridge,District,Persons,<75 yrs,,,2020 - 22,98.91597,86.91294,112.11023,80.52069,120.04984,246.0,236646.0,,Cannot be calculated,Better,Not compared,20200000,,,3y,-1.3826542823501469,False,True,25.197289999999995,39.52915
40501,Under 75 mortality rate from cancer,E92000001,England,E07000216,Waverley,District,Persons,<75 yrs,,,2020 - 22,102.51693,92.28924,113.56539,86.75964,120.1635,369.0,341080.0,,Cannot be calculated,Better,Not compared,20200000,,,3y,-1.1668704661268754,False,True,21.276149999999987,33.403859999999995
40501,Under 75 mortality rate from cancer,E92000001,England,E07000217,Woking,District,Persons,<75 yrs,,,2020 - 22,112.73872,99.8748,126.7931,92.98755,135.2279,281.0,286589.0,,Cannot be calculated,Similar,Not compared,20200000,,,3y,-0.5543402367344707,True,True,26.918300000000002,42.24035000000001
40501,Under 75 mortality rate from cancer,E92000001,England,E07000218,North Warwickshire,District,Persons,<75 yrs,,,2020 - 22,140.684,124.51155,158.36438,115.85776,168.97829,277.0,175508.0,,Cannot be calculated,Worse,Not compared,20200000,,,3y,1.1202518619913862,False,True,33.85283000000001,53.12052999999999
40501,Under 75 mortality rate from cancer,E92000001,England,E07000219,Nuneaton and Bedworth,District,Persons,<75 yrs,,,2020 - 22,133.64733,122.00174,146.1036,115.65197,153.5101,485.0,367503.0,,Cannot be calculated,Similar,Not compared,20200000,,,3y,0.6985866654594046,True,True,24.101860000000002,37.85812999999999
40501,Under 75 mortality rate from cancer,E92000001,England,E07000220,Rugby,District,Persons,<75 yrs,,,2020 - 22,116.32754,104.12454,129.56373,97.55016,137.4825,333.0,312541.0,,Cannot be calculated,Similar,Not compared,20200000,,,3y,-0.3392838974976004,True,True,25.439189999999996,39.93233999999998
40501,Under 75 mortality rate from cancer,E92000001,England,E07000221,Stratford-on-Avon,District,Persons,<75 yrs,,,2020 - 22,102.1805,92.80454,112.24059,87.70594,118.23058,443.0,355132.0,,Cannot be calculated,Better,Not compared,20200000,,,3y,-1.1870306870935055,False,True,19.436049999999994,30.524640000000005
40501,Under 75 mortality rate from cancer,E92000001,England,E07000222,Warwick,District,Persons,<75 yrs,,,2020 - 22,111.01713,100.66139,122.1478,95.03836,128.78033,422.0,404409.0,,Cannot be calculated,Better,Not compared,20200000,,,3y,-0.6575047429138848,True,True,21.486410000000006,33.741969999999995
40501,Under 75 mortality rate from cancer,E92000001,England,E07000223,Adur,District,Persons,<75 yrs,,,2020 - 22,125.08116,109.66052,142.05565,101.45809,152.27611,239.0,170652.0,,Cannot be calculated,Similar,Not compared,20200000,,,3y,0.185267757996588,True,True,32.39513000000001,50.81801999999999
40501,Under 75 mortality rate from cancer,E92000001,England,E07000224,Arun,District,Persons,<75 yrs,,,2020 - 22,127.51043,118.05151,137.51562,112.84491,143.43529,696.0,422753.0,,Cannot be calculated,Similar,Not compared,20200000,,,3y,0.33083925871770326,True,True,19.46411000000002,30.59038000000001
40501,Under 75 mortality rate from cancer,E92000001,England,E07000225,Chichester,District,Persons,<75 yrs,,,2020 - 22,116.76958,106.30391,127.97578,100.6027,134.64213,470.0,321788.0,,Cannot be calculated,Similar,Not compared,20200000,,,3y,-0.31279510614103545,True,True,21.67187,34.03943000000001
40501,Under 75 mortality rate from cancer,E92000001,England,E07000226,Crawley,District,Persons,<75 yrs,,,2020 - 22,121.16491,107.96211,135.52238,100.86483,144.12159,313.0,334792.0,,Cannot be calculated,Similar,Not compared,20200000,,,3y,-0.04940948648387961,True,True,27.560270000000003,43.25676
40501,Under 75 mortality rate from cancer,E92000001,England,E07000227,Horsham,District,Persons,<75 yrs,,,2020 - 22,104.29936,94.94114,114.32794,89.84677,120.29591,459.0,390710.0,,Cannot be calculated,Better,Not compared,20200000,,,3y,-1.0600601856597656,False,True,19.386799999999994,30.44914
40501,Under 75 mortality rate from cancer,E92000001,England,E07000228,Mid Sussex,District,Persons,<75 yrs,,,2020 - 22,106.89731,97.24364,117.24884,91.99119,123.41067,451.0,411470.0,,Cannot be calculated,Better,Not compared,20200000,,,3y,-0.9043807098096449,True,True,20.005200000000002,31.419479999999993
40501,Under 75 mortality rate from cancer,E92000001,England,E07000229,Worthing,District,Persons,<75 yrs,,,2020 - 22,127.29482,115.18439,140.32872,108.61604,148.09986,407.0,296293.0,,Cannot be calculated,Similar,Not compared,20200000,,,3y,0.31791905171293255,True,True,25.14433000000001,39.48382000000001
40501,Under 75 mortality rate from cancer,E92000001,England,E07000234,Bromsgrove,District,Persons,<75 yrs,,,2020 - 22,115.30395,103.3466,128.26276,96.89986,136.01271,340.0,264129.0,,Cannot be calculated,Similar,Not compared,20200000,,,3y,-0.40062147315741836,True,True,24.91615999999999,39.112849999999995
40501,Under 75 mortality rate from cancer,E92000001,England,E07000235,Malvern Hills,District,Persons,<75 yrs,,,2020 - 22,113.81727,101.33787,127.38808,94.62946,135.51613,313.0,205903.0,,Cannot be calculated,Similar,Not compared,20200000,,,3y,-0.48970923972600416,True,True,26.050210000000007,40.88667000000001
40501,Under 75 mortality rate from cancer,E92000001,England,E07000236,Redditch,District,Persons,<75 yrs,,,2020 - 22,141.65903,126.96142,157.5895,119.0381,167.11713,339.0,240207.0,,Cannot be calculated,Worse,Not compared,20200000,,,3y,1.1786795297056005,False,True,30.628079999999983,48.07903
40501,Under 75 mortality rate from cancer,E92000001,England,E07000237,Worcester,District,Persons,<75 yrs,,,2020 - 22,125.22308,112.03506,139.53478,104.93303,148.09883,329.0,286229.0,,Cannot be calculated,Similar,Not compared,20200000,,,3y,0.19377216770911093,True,True,27.49972000000001,43.16579999999999
40501,Under 75 mortality rate from cancer,E92000001,England,E07000238,Wychavon,District,Persons,<75 yrs,,,2020 - 22,108.82736,99.03801,119.31558,93.70791,125.55646,462.0,350164.0,,Cannot be calculated,Better,Not compared,20200000,,,3y,-0.7887244530054249,True,True,20.277569999999997,31.848550000000003
40501,Under 75 mortality rate from cancer,E92000001,England,E07000239,Wyre Forest,District,Persons,<75 yrs,,,2020 - 22,125.37906,113.42504,138.23999,106.93951,145.90679,411.0,268031.0,,Cannot be calculated,Similar,Not compared,20200000,,,3y,0.20311910842894834,True,True,24.81495000000001,38.96728
40501,Under 75 mortality rate from cancer,E92000001,England,E07000240,St Albans,District,Persons,<75 yrs,,,2020 - 22,89.20857,79.70978,99.52189,74.5967,105.69469,325.0,407206.0,,Cannot be calculated,Better,Not compared,20200000,,,3y,-1.964360221212502,False,True,19.812110000000004,31.097989999999996
40501,Under 75 mortality rate from cancer,E92000001,England,E07000241,Welwyn Hatfield,District,Persons,<75 yrs,,,2020 - 22,113.90532,101.45371,127.45699,94.76497,135.57648,307.0,331313.0,,Cannot be calculated,Similar,Not compared,20200000,,,3y,-0.48443293423567346,True,True,26.003280000000004,40.81151
40501,Under 75 mortality rate from cancer,E92000001,England,E07000242,East Hertfordshire,District,Persons,<75 yrs,,,2020 - 22,101.44469,91.78838,111.83828,86.55147,118.03546,406.0,411831.0,,Cannot be calculated,Better,Not compared,20200000,,,3y,-1.231123342889528,False,True,20.049899999999994,31.483990000000006
40501,Under 75 mortality rate from cancer,E92000001,England,E07000243,Stevenage,District,Persons,<75 yrs,,,2020 - 22,133.50439,118.19244,150.236,109.99567,160.27824,280.0,249510.0,,Cannot be calculated,Similar,Not compared,20200000,,,3y,0.6900211332982708,True,True,32.043559999999985,50.28257000000001
40501,Under 75 mortality rate from cancer,E92000001,England,E07000244,East Suffolk,District,Persons,<75 yrs,,,2020 - 22,114.35351,107.10825,121.95376,103.09208,126.43383,958.0,637529.0,,Cannot be calculated,Better,Not compared,20200000,,,3y,-0.4575756104683705,True,True,14.845510000000004,23.341750000000005
40501,Under 75 mortality rate from cancer,E92000001,England,E07000245,West Suffolk,District,Persons,<75 yrs,,,2020 - 22,115.2723,105.95236,125.19004,100.84842,131.07374,568.0,485572.0,,Cannot be calculated,Similar,Not compared,20200000,,,3y,-0.4025180667834143,True,True,19.237679999999997,30.225319999999982
40501,Under 75 mortality rate from cancer,E92000001,England,E08000001,Bolton,UA,Persons,<75 yrs,,,2020 - 22,136.23695,127.97654,144.89007,123.39231,149.98757,1016.0,821301.0,,Cannot be calculated,Worse,Not compared,20200000,,,3y,0.8537669746458736,True,True,16.91353000000001,26.59526000000001
40501,Under 75 mortality rate from cancer,E92000001,England,E08000002,Bury,UA,Persons,<75 yrs,,,2020 - 22,144.92121,134.66728,155.74771,129.01442,162.14815,743.0,532718.0,,Cannot be calculated,Worse,Not compared,20200000,,,3y,1.3741623036345616,False,True,21.080430000000007,33.133729999999986
40501,Under 75 mortality rate from cancer,E92000001,England,E08000003,Manchester,UA,Persons,<75 yrs,,,2020 - 22,170.05582,161.57734,178.8565,156.8359,184.01954,1574.0,1600499.0,,Cannot be calculated,Worse,Not compared,20200000,,,3y,2.880327899776591,False,False,17.27916000000002,27.183639999999997
40501,Under 75 mortality rate from cancer,E92000001,England,E08000004,Oldham,UA,Persons,<75 yrs,,,2020 - 22,147.76043,137.99788,158.0304,132.59924,164.09188,854.0,675450.0,,Cannot be calculated,Worse,Not compared,20200000,,,3y,1.5442996355397867,False,True,20.032519999999977,31.492639999999994
40501,Under 75 mortality rate from cancer,E92000001,England,E08000005,Rochdale,UA,Persons,<75 yrs,,,2020 - 22,143.48216,133.75153,153.73284,128.37687,159.78671,809.0,625820.0,,Cannot be calculated,Worse,Not compared,20200000,,,3y,1.2879287157201997,False,True,19.981310000000008,31.409840000000003
40501,Under 75 mortality rate from cancer,E92000001,England,E08000006,Salford,UA,Persons,<75 yrs,,,2020 - 22,153.84209,143.62206,164.59397,137.97073,170.94004,852.0,765193.0,,Cannot be calculated,Worse,Not compared,20200000,,,3y,1.908736842221455,False,True,20.97191000000001,32.96931000000001
40501,Under 75 mortality rate from cancer,E92000001,England,E08000007,Stockport,UA,Persons,<75 yrs,,,2020 - 22,124.60338,117.01842,132.55061,112.80976,137.2327,1007.0,799405.0,,Cannot be calculated,Similar,Not compared,20200000,,,3y,0.15663728397989424,True,True,15.53219,24.422939999999997
40501,Under 75 mortality rate from cancer,E92000001,England,E08000008,Tameside,UA,Persons,<75 yrs,,,2020 - 22,145.18995,135.77076,155.08926,130.55782,160.92947,887.0,639904.0,,Cannot be calculated,Worse,Not compared,20200000,,,3y,1.3902662711242988,False,True,19.3185,30.371650000000017
40501,Under 75 mortality rate from cancer,E92000001,England,E08000009,Trafford,UA,Persons,<75 yrs,,,2020 - 22,115.77984,107.23601,124.82192,102.53523,130.17304,683.0,647437.0,,Cannot be calculated,Similar,Not compared,20200000,,,3y,-0.3721042554425615,True,True,17.585910000000013,27.637809999999988
40501,Under 75 mortality rate from cancer,E92000001,England,E08000010,Wigan,UA,Persons,<75 yrs,,,2020 - 22,138.13125,130.63349,145.94634,126.45502,150.53979,1275.0,904459.0,,Cannot be calculated,Worse,Not compared,20200000,,,3y,0.9672809495502713,True,True,15.312849999999997,24.084770000000006
40501,Under 75 mortality rate from cancer,E92000001,England,E08000011,Knowsley,UA,Persons,<75 yrs,,,2020 - 22,163.73571,151.63978,176.53544,144.98395,184.10992,686.0,431663.0,,Cannot be calculated,Worse,Not compared,20200000,,,3y,2.501601822633035,False,False,24.895659999999992,39.125969999999995
40501,Under 75 mortality rate from cancer,E92000001,England,E08000012,Liverpool,UA,Persons,<75 yrs,,,2020 - 22,160.59734,153.33322,168.11589,149.26114,172.52101,1847.0,1367395.0,,Cannot be calculated,Worse,Not compared,20200000,,,3y,2.313538235333917,False,False,14.782669999999996,23.259869999999978
40501,Under 75 mortality rate from cancer,E92000001,England,E08000013,St. Helens,UA,Persons,<75 yrs,,,2020 - 22,129.3523,119.80154,139.46045,114.54693,145.44258,682.0,497595.0,,Cannot be calculated,Similar,Not compared,20200000,,,3y,0.4412114199155949,True,True,19.658910000000006,30.89564999999999
40501,Under 75 mortality rate from cancer,E92000001,England,E08000014,Sefton,UA,Persons,<75 yrs,,,2020 - 22,141.58392,133.6941,149.81628,129.301,154.65729,1213.0,743354.0,,Cannot be calculated,Worse,Not compared,20200000,,,3y,1.1741786403770522,False,True,16.122180000000014,25.35629
40501,Under 75 mortality rate from cancer,E92000001,England,E08000015,Wirral,UA,Persons,<75 yrs,,,2020 - 22,143.8451,136.34914,151.64482,132.16563,156.22567,1388.0,863751.0,,Cannot be calculated,Worse,Not compared,20200000,,,3y,1.3096775211110054,False,True,15.295680000000004,24.060040000000015
40501,Under 75 mortality rate from cancer,E92000001,England,E08000016,Barnsley,UA,Persons,<75 yrs,,,2020 - 22,149.41496,140.43394,158.8187,135.4479,164.35726,1036.0,670541.0,,Cannot be calculated,Worse,Not compared,20200000,,,3y,1.6434456403429192,False,True,18.38476,28.909359999999992
40501,Under 75 mortality rate from cancer,E92000001,England,E08000017,Doncaster,UA,Persons,<75 yrs,,,2020 - 22,148.11239,140.0762,156.48882,135.59773,161.41226,1274.0,845392.0,,Cannot be calculated,Worse,Not compared,20200000,,,3y,1.5653904757484922,False,True,16.412620000000004,25.81452999999999
40501,Under 75 mortality rate from cancer,E92000001,England,E08000018,Rotherham,UA,Persons,<75 yrs,,,2020 - 22,143.31895,134.80314,152.23109,130.07338,157.47892,1059.0,726719.0,,Cannot be calculated,Worse,Not compared,20200000,,,3y,1.2781485247028603,False,True,17.42794999999998,27.405540000000002
40501,Under 75 mortality rate from cancer,E92000001,England,E08000019,Sheffield,UA,Persons,<75 yrs,,,2020 - 22,135.12052,128.92491,141.5365,125.45334,145.29652,1792.0,1537510.0,,Cannot be calculated,Worse,Not compared,20200000,,,3y,0.7868660576831334,True,True,12.611589999999978,19.84317999999999
40501,Under 75 mortality rate from cancer,E92000001,England,E08000021,Newcastle upon Tyne,UA,Persons,<75 yrs,,,2020 - 22,144.50747,135.46016,153.99903,130.44551,159.59419,954.0,842939.0,,Cannot be calculated,Worse,Not compared,20200000,,,3y,1.3493693606070871,False,True,18.538870000000003,29.148679999999985
40501,Under 75 mortality rate from cancer,E92000001,England,E08000022,North Tyneside,UA,Persons,<75 yrs,,,2020 - 22,128.20947,119.40175,137.49433,114.53969,142.9795,788.0,569523.0,,Cannot be calculated,Similar,Not compared,20200000,,,3y,0.37272851016529446,True,True,18.092579999999984,28.43981000000001
40501,Under 75 mortality rate from cancer,E92000001,England,E08000023,South Tyneside,UA,Persons,<75 yrs,,,2020 - 22,155.41589,143.98022,167.51593,137.68727,174.67609,688.0,402534.0,,Cannot be calculated,Worse,Not compared,20200000,,,3y,2.003045184988989,False,False,23.535709999999995,36.988819999999976
40501,Under 75 mortality rate from cancer,E92000001,England,E08000024,Sunderland,UA,Persons,<75 yrs,,,2020 - 22,153.9008,145.45648,162.70644,140.75226,167.88316,1248.0,749650.0,,Cannot be calculated,Worse,Not compared,20200000,,,3y,1.9122549784547,False,True,17.249959999999987,27.130899999999997
40501,Under 75 mortality rate from cancer,E92000001,England,E08000025,Birmingham,UA,Persons,<75 yrs,,,2020 - 22,138.12528,133.32011,143.05819,130.60807,145.93761,3177.0,3235076.0,,Cannot be calculated,Worse,Not compared,20200000,,,3y,0.966923203453994,True,True,9.738079999999997,15.329540000000009
40501,Under 75 mortality rate from cancer,E92000001,England,E08000026,Coventry,UA,Persons,<75 yrs,,,2020 - 22,146.1911,137.52459,155.25825,132.70992,160.59665,1073.0,970825.0,,Cannot be calculated,Worse,Not compared,20200000,,,3y,1.45025915291469,False,True,17.733660000000015,27.88673
40501,Under 75 mortality rate from cancer,E92000001,England,E08000027,Dudley,UA,Persons,<75 yrs,,,2020 - 22,129.54924,122.10919,137.32347,117.97152,141.89806,1135.0,872914.0,,Cannot be calculated,Similar,Not compared,20200000,,,3y,0.45301284641491946,True,True,15.214279999999988,23.92653999999999
40501,Under 75 mortality rate from cancer,E92000001,England,E08000028,Sandwell,UA,Persons,<75 yrs,,,2020 - 22,152.49784,143.76737,161.61714,138.91058,166.98231,1154.0,956703.0,,Cannot be calculated,Worse,Not compared,20200000,,,3y,1.8281840465896968,False,True,17.849770000000007,28.071730000000002
40501,Under 75 mortality rate from cancer,E92000001,England,E08000029,Solihull,UA,Persons,<75 yrs,,,2020 - 22,114.96912,106.53347,123.89375,101.89091,129.17459,691.0,581471.0,,Cannot be calculated,Similar,Not compared,20200000,,,3y,-0.4206858157732867,True,True,17.360280000000003,27.28367999999999
40501,Under 75 mortality rate from cancer,E92000001,England,E08000030,Walsall,UA,Persons,<75 yrs,,,2020 - 22,148.25136,139.26758,157.66181,134.28171,163.20534,1018.0,781584.0,,Cannot be calculated,Worse,Not compared,20200000,,,3y,1.5737181097517992,False,True,18.394229999999993,28.923630000000003
40501,Under 75 mortality rate from cancer,E92000001,England,E08000031,Wolverhampton,UA,Persons,<75 yrs,,,2020 - 22,136.79384,127.7475,146.31039,122.74492,151.92718,854.0,731984.0,,Cannot be calculated,Worse,Not compared,20200000,,,3y,0.8871380338680181,True,True,18.56289000000001,29.18226
40501,Under 75 mortality rate from cancer,E92000001,England,E08000032,Bradford,UA,Persons,<75 yrs,,,2020 - 22,131.37838,125.12075,137.86737,121.61838,141.67252,1661.0,1534383.0,,Cannot be calculated,Worse,Not compared,20200000,,,3y,0.5626221754845657,True,True,12.746619999999993,20.05413999999999
40501,Under 75 mortality rate from cancer,E92000001,England,E08000033,Calderdale,UA,Persons,<75 yrs,,,2020 - 22,126.75422,117.75841,136.25411,112.7999,141.87073,738.0,568302.0,,Cannot be calculated,Similar,Not compared,20200000,,,3y,0.285524153949475,True,True,18.4957,29.070830000000015
40501,Under 75 mortality rate from cancer,E92000001,England,E08000034,Kirklees,UA,Persons,<75 yrs,,,2020 - 22,125.49877,119.03647,132.22037,115.4287,136.16736,1415.0,1198109.0,,Cannot be calculated,Similar,Not compared,20200000,,,3y,0.21029260678496656,True,True,13.183900000000008,20.738659999999996
40501,Under 75 mortality rate from cancer,E92000001,England,E08000035,Leeds,UA,Persons,<75 yrs,,,2020 - 22,131.59221,126.40565,136.93651,123.48737,140.06136,2438.0,2260679.0,,Cannot be calculated,Worse,Not compared,20200000,,,3y,0.5754357178241148,True,True,10.530860000000004,16.57399000000001
40501,Under 75 mortality rate from cancer,E92000001,England,E08000036,Wakefield,UA,Persons,<75 yrs,,,2020 - 22,139.44303,132.11879,147.06718,128.03252,151.54574,1360.0,971331.0,,Cannot be calculated,Worse,Not compared,20200000,,,3y,1.0458880139012674,False,True,14.948390000000018,23.51321999999999
40501,Under 75 mortality rate from cancer,E92000001,England,E08000037,Gateshead,UA,Persons,<75 yrs,,,2020 - 22,152.89261,142.77175,163.54047,137.1754,169.82523,851.0,535023.0,,Cannot be calculated,Worse,Not compared,20200000,,,3y,1.8518402319209584,False,True,20.768720000000002,32.64983000000001
40501,Under 75 mortality rate from cancer,E92000001,England,E09000001,City of London,UA,Persons,<75 yrs,,,2020 - 22,,,,,,,,Value for Hackney and City of London combined,Cannot be calculated,Not compared,Not compared,20200000,,,3y,,False,False,,
40501,Under 75 mortality rate from cancer,E92000001,England,E09000002,Barking and Dagenham,UA,Persons,<75 yrs,,,2020 - 22,138.89633,126.53605,152.09577,119.78733,159.93856,509.0,632553.0,,Cannot be calculated,Worse,Not compared,20200000,,,3y,1.0131275799255333,False,True,25.559719999999984,40.15123
40501,Under 75 mortality rate from cancer,E92000001,England,E09000003,Barnet,UA,Persons,<75 yrs,,,2020 - 22,100.92123,94.25435,107.93236,90.5666,112.06982,865.0,1088600.0,,Cannot be calculated,Better,Not compared,20200000,,,3y,-1.262491143820456,False,True,13.67801,21.503220000000013
40501,Under 75 mortality rate from cancer,E92000001,England,E09000004,Bexley,UA,Persons,<75 yrs,,,2020 - 22,111.33818,103.00093,120.16797,98.41662,125.39514,666.0,681101.0,,Cannot be calculated,Better,Not compared,20200000,,,3y,-0.6382661525939476,True,True,17.16704,26.978520000000003
40501,Under 75 mortality rate from cancer,E92000001,England,E09000005,Brent,UA,Persons,<75 yrs,,,2020 - 22,103.85123,96.19811,111.94024,91.98281,116.72457,715.0,971115.0,,Cannot be calculated,Better,Not compared,20200000,,,3y,-1.0869139139889146,False,True,15.742130000000003,24.74176
40501,Under 75 mortality rate from cancer,E92000001,England,E09000006,Bromley,UA,Persons,<75 yrs,,,2020 - 22,101.85079,95.07534,108.97991,91.32921,113.188,847.0,904007.0,,Cannot be calculated,Better,Not compared,20200000,,,3y,-1.2067882189869377,False,True,13.904570000000007,21.85879
40501,Under 75 mortality rate from cancer,E92000001,England,E09000007,Camden,UA,Persons,<75 yrs,,,2020 - 22,113.24274,103.02202,124.19149,97.45635,130.70597,464.0,609498.0,,Cannot be calculated,Similar,Not compared,20200000,,,3y,-0.5241373577652924,True,True,21.169470000000004,33.24962000000001
40501,Under 75 mortality rate from cancer,E92000001,England,E09000008,Croydon,UA,Persons,<75 yrs,,,2020 - 22,119.46009,112.1822,127.08156,108.14216,131.57068,1030.0,1101448.0,,Cannot be calculated,Similar,Not compared,20200000,,,3y,-0.15156906769937775,True,True,14.899360000000001,23.428520000000006
40501,Under 75 mortality rate from cancer,E92000001,England,E09000009,Ealing,UA,Persons,<75 yrs,,,2020 - 22,101.2976,94.18315,108.79898,90.25648,113.23094,782.0,1045275.0,,Cannot be calculated,Better,Not compared,20200000,,,3y,-1.2399375595229478,False,True,14.615830000000003,22.974460000000008
40501,Under 75 mortality rate from cancer,E92000001,England,E09000010,Enfield,UA,Persons,<75 yrs,,,2020 - 22,110.11684,102.50616,118.13688,98.3036,122.87407,799.0,926197.0,,Cannot be calculated,Better,Not compared,20200000,,,3y,-0.7114536931681639,True,True,15.63072000000001,24.57047
40501,Under 75 mortality rate from cancer,E92000001,England,E09000011,Greenwich,UA,Persons,<75 yrs,,,2020 - 22,129.53954,119.87537,139.76101,114.55542,145.80843,698.0,829498.0,,Cannot be calculated,Similar,Not compared,20200000,,,3y,0.4524315839134288,True,True,19.885639999999995,31.25300999999999
40501,Under 75 mortality rate from cancer,E92000001,England,E09000012,Hackney,UA,Persons,<75 yrs,,,2020 - 22,133.54588,122.52374,145.26065,116.48131,152.20665,591.0,787104.0,Value for Hackney and City of London combined,Cannot be calculated,Similar,Not compared,20200000,,,3y,0.6925073787814491,True,True,22.736909999999995,35.72534
40501,Under 75 mortality rate from cancer,E92000001,England,E09000013,Hammersmith and Fulham,UA,Persons,<75 yrs,,,2020 - 22,120.58403,108.81558,133.25685,102.43571,140.81453,401.0,529918.0,,Cannot be calculated,Similar,Not compared,20200000,,,3y,-0.08421812172775223,True,True,24.44126999999999,38.37881999999999
40501,Under 75 mortality rate from cancer,E92000001,England,E09000014,Haringey,UA,Persons,<75 yrs,,,2020 - 22,115.98186,106.52299,126.03512,101.33755,131.99597,591.0,760004.0,,Cannot be calculated,Similar,Not compared,20200000,,,3y,-0.35999841517956876,True,True,19.512130000000013,30.658420000000007
40501,Under 75 mortality rate from cancer,E92000001,England,E09000015,Harrow,UA,Persons,<75 yrs,,,2020 - 22,82.90491,75.74955,90.55108,71.84491,95.09557,499.0,727682.0,,Cannot be calculated,Better,Not compared,20200000,,,3y,-2.3421005490622937,False,False,14.80153,23.250659999999996
40501,Under 75 mortality rate from cancer,E92000001,England,E09000016,Havering,UA,Persons,<75 yrs,,,2020 - 22,119.74273,111.44675,128.4917,106.86875,133.66123,776.0,720883.0,,Cannot be calculated,Similar,Not compared,20200000,,,3y,-0.13463215703740275,True,True,17.044950000000014,26.792479999999983
40501,Under 75 mortality rate from cancer,E92000001,England,E09000017,Hillingdon,UA,Persons,<75 yrs,,,2020 - 22,115.97979,107.75549,124.65986,103.22002,129.79045,754.0,863987.0,,Cannot be calculated,Similar,Not compared,20200000,,,3y,-0.3601224577958663,True,True,16.90437,26.570429999999988
40501,Under 75 mortality rate from cancer,E92000001,England,E09000018,Hounslow,UA,Persons,<75 yrs,,,2020 - 22,107.05595,98.66868,115.95611,94.0645,121.22952,623.0,824213.0,,Cannot be calculated,Better,Not compared,20200000,,,3y,-0.8948743713316674,True,True,17.28743,27.16502
40501,Under 75 mortality rate from cancer,E92000001,England,E09000019,Islington,UA,Persons,<75 yrs,,,2020 - 22,135.79108,123.95322,148.43019,117.48866,155.93941,512.0,632616.0,,Cannot be calculated,Worse,Not compared,20200000,,,3y,0.8270486744871735,True,True,24.47697000000001,38.45075000000001
40501,Under 75 mortality rate from cancer,E92000001,England,E09000020,Kensington and Chelsea,UA,Persons,<75 yrs,,,2020 - 22,85.36395,75.71348,95.89125,70.5398,102.20504,291.0,406753.0,,Cannot be calculated,Better,Not compared,20200000,,,3y,-2.194745111777327,False,False,20.177769999999995,31.665239999999997
40501,Under 75 mortality rate from cancer,E92000001,England,E09000021,Kingston upon Thames,UA,Persons,<75 yrs,,,2020 - 22,99.72664,89.85734,110.37697,84.5168,116.73445,379.0,472165.0,,Cannot be calculated,Better,Not compared,20200000,,,3y,-1.3340757182178822,False,True,20.519630000000006,32.21764999999999
40501,Under 75 mortality rate from cancer,E92000001,England,E09000022,Lambeth,UA,Persons,<75 yrs,,,2020 - 22,131.26025,121.34826,141.73637,115.88862,147.93248,716.0,925343.0,,Cannot be calculated,Similar,Not compared,20200000,,,3y,0.5555433569999254,True,True,20.388109999999998,32.043859999999995
40501,Under 75 mortality rate from cancer,E92000001,England,E09000023,Lewisham,UA,Persons,<75 yrs,,,2020 - 22,124.01939,114.54504,134.04048,109.32977,139.96946,697.0,864598.0,,Cannot be calculated,Similar,Not compared,20200000,,,3y,0.12164228519172988,True,True,19.495440000000002,30.63969
40501,Under 75 mortality rate from cancer,E92000001,England,E09000024,Merton,UA,Persons,<75 yrs,,,2020 - 22,104.534,95.12936,114.60555,90.0068,120.59732,468.0,610295.0,,Cannot be calculated,Better,Not compared,20200000,,,3y,-1.0459996255206272,False,True,19.47618999999999,30.590519999999998
40501,Under 75 mortality rate from cancer,E92000001,England,E09000025,Newham,UA,Persons,<75 yrs,,,2020 - 22,119.88335,110.24097,130.10581,104.9436,136.16018,643.0,1030211.0,,Cannot be calculated,Similar,Not compared,20200000,,,3y,-0.1262056484848734,True,True,19.864839999999987,31.216579999999993
40501,Under 75 mortality rate from cancer,E92000001,England,E09000026,Redbridge,UA,Persons,<75 yrs,,,2020 - 22,94.9556,87.32613,103.06535,83.14396,107.87406,589.0,880744.0,,Cannot be calculated,Better,Not compared,20200000,,,3y,-1.6199753723528563,False,True,15.739219999999989,24.730099999999993
40501,Under 75 mortality rate from cancer,E92000001,England,E09000027,Richmond upon Thames,UA,Persons,<75 yrs,,,2020 - 22,85.98601,77.87666,94.70522,73.47468,99.9016,418.0,543987.0,,Cannot be calculated,Better,Not compared,20200000,,,3y,-2.1574688074807375,False,False,16.828559999999996,26.426919999999996
40501,Under 75 mortality rate from cancer,E92000001,England,E09000028,Southwark,UA,Persons,<75 yrs,,,2020 - 22,127.48345,117.54205,138.00813,112.07389,144.23758,675.0,898246.0,,Cannot be calculated,Similar,Not compared,20200000,,,3y,0.32922251002799197,True,True,20.46607999999999,32.16369
40501,Under 75 mortality rate from cancer,E92000001,England,E09000029,Sutton,UA,Persons,<75 yrs,,,2020 - 22,110.6251,101.3998,120.45899,96.35504,126.29739,538.0,584167.0,,Cannot be calculated,Better,Not compared,20200000,,,3y,-0.6809967365694676,True,True,19.05919,29.94234999999999
40501,Under 75 mortality rate from cancer,E92000001,England,E09000030,Tower Hamlets,UA,Persons,<75 yrs,,,2020 - 22,138.99668,126.41803,152.42672,119.54894,160.40584,512.0,923671.0,,Cannot be calculated,Worse,Not compared,20200000,,,3y,1.0191409502373399,False,True,26.008689999999987,40.85690000000001
40501,Under 75 mortality rate from cancer,E92000001,England,E09000031,Waltham Forest,UA,Persons,<75 yrs,,,2020 - 22,114.07249,104.82064,123.9002,99.74628,129.72586,602.0,795707.0,,Cannot be calculated,Similar,Not compared,20200000,,,3y,-0.4744154443001996,True,True,19.07956,29.979580000000013
40501,Under 75 mortality rate from cancer,E92000001,England,E09000032,Wandsworth,UA,Persons,<75 yrs,,,2020 - 22,105.17216,96.59007,114.2964,91.88655,119.70715,585.0,948332.0,,Cannot be calculated,Better,Not compared,20200000,,,3y,-1.0077585453195024,False,True,17.70633000000001,27.8206
40501,Under 75 mortality rate from cancer,E92000001,England,E09000033,Westminster,UA,Persons,<75 yrs,,,2020 - 22,100.85758,91.27451,111.15777,86.07103,117.29543,422.0,588545.0,,Cannot be calculated,Better,Not compared,20200000,,,3y,-1.2663053044616766,False,True,19.883259999999993,31.224400000000003
40501,Under 75 mortality rate from cancer,E92000001,England,E10000003,Cambridgeshire,County,Persons,<75 yrs,,,2020 - 22,111.7788,106.90658,116.8156,104.1726,119.76505,1983.0,1858474.0,,Cannot be calculated,Better,Not compared,20200000,,,3y,-0.611862453273683,True,True,9.909019999999998,15.59245
40501,Under 75 mortality rate from cancer,E92000001,England,E10000007,Derbyshire,County,Persons,<75 yrs,,,2020 - 22,124.39718,120.00092,128.91288,117.52084,131.54946,3044.0,2144532.0,,Cannot be calculated,Similar,Not compared,20200000,,,3y,0.1442809615255383,True,True,8.911960000000008,14.028620000000004
40501,Under 75 mortality rate from cancer,E92000001,England,E10000008,Devon,County,Persons,<75 yrs,,,2020 - 22,106.96931,103.0106,111.03989,100.77932,113.41773,2817.0,2133953.0,,Cannot be calculated,Better,Not compared,20200000,,,3y,-0.9000661840253893,True,True,8.029290000000003,12.638410000000007
40501,Under 75 mortality rate from cancer,E92000001,England,E10000011,East Sussex,County,Persons,<75 yrs,,,2020 - 22,117.73237,112.68944,122.94103,109.85758,125.98988,2093.0,1428199.0,,Cannot be calculated,Better,Not compared,20200000,,,3y,-0.25510090781014505,True,True,10.251589999999993,16.1323
40501,Under 75 mortality rate from cancer,E92000001,England,E10000012,Essex,County,Persons,<75 yrs,,,2020 - 22,118.71287,115.43301,122.06212,113.57373,124.01239,4987.0,4068851.0,,Cannot be calculated,Better,Not compared,20200000,,,3y,-0.1963454559842664,True,True,6.629109999999997,10.438659999999999
40501,Under 75 mortality rate from cancer,E92000001,England,E10000013,Gloucestershire,County,Persons,<75 yrs,,,2020 - 22,118.70712,113.82605,123.74322,111.08266,126.68964,2238.0,1736187.0,,Cannot be calculated,Similar,Not compared,20200000,,,3y,-0.19669001880731415,True,True,9.917169999999999,15.606979999999993
40501,Under 75 mortality rate from cancer,E92000001,England,E10000014,Hampshire,County,Persons,<75 yrs,,,2020 - 22,106.49143,103.33058,109.72419,101.54107,111.60798,4320.0,3760898.0,,Cannot be calculated,Better,Not compared,20200000,,,3y,-0.9287026504390058,True,True,6.393609999999995,10.066909999999993
40501,Under 75 mortality rate from cancer,E92000001,England,E10000015,Hertfordshire,County,Persons,<75 yrs,,,2020 - 22,106.26079,102.56364,110.05677,100.47722,112.27269,3143.0,3302586.0,,Cannot be calculated,Better,Not compared,20200000,,,3y,-0.9425235147012399,True,True,7.493129999999994,11.795469999999995
40501,Under 75 mortality rate from cancer,E92000001,England,E10000016,Kent,County,Persons,<75 yrs,,,2020 - 22,123.68896,120.40787,127.03666,118.54661,128.98527,5410.0,4276974.0,,Cannot be calculated,Similar,Not compared,20200000,,,3y,0.10184160804045438,True,True,6.628789999999995,10.438660000000013
40501,Under 75 mortality rate from cancer,E92000001,England,E10000017,Lancashire,County,Persons,<75 yrs,,,2020 - 22,129.85483,126.12328,133.66852,124.0094,135.89008,4612.0,3351139.0,,Cannot be calculated,Worse,Not compared,20200000,,,3y,0.47132501217062583,True,True,7.545240000000007,11.880680000000012
40501,Under 75 mortality rate from cancer,E92000001,England,E10000018,Leicestershire,County,Persons,<75 yrs,,,2020 - 22,117.7204,113.05311,122.53055,110.42742,125.34334,2407.0,1929782.0,,Cannot be calculated,Better,Not compared,20200000,,,3y,-0.25581819772177794,True,True,9.477440000000001,14.91592
40501,Under 75 mortality rate from cancer,E92000001,England,E10000019,Lincolnshire,County,Persons,<75 yrs,,,2020 - 22,124.38611,119.91375,128.9817,117.39154,131.66539,2960.0,2049808.0,,Cannot be calculated,Similar,Not compared,20200000,,,3y,0.14361760318620864,True,True,9.067949999999996,14.273849999999996
40501,Under 75 mortality rate from cancer,E92000001,England,E10000020,Norfolk,County,Persons,<75 yrs,,,2020 - 22,118.648,114.64278,122.75659,112.38083,125.15401,3368.0,2423302.0,,Cannot be calculated,Better,Not compared,20200000,,,3y,-0.2002327238679428,True,True,8.11381,12.773179999999996
40501,Under 75 mortality rate from cancer,E92000001,England,E10000024,Nottinghamshire,County,Persons,<75 yrs,,,2020 - 22,130.34618,125.81268,135.00097,123.25432,137.71824,3138.0,2232103.0,,Cannot be calculated,Worse,Not compared,20200000,,,3y,0.5007686544497144,True,True,9.188289999999995,14.463920000000002
40501,Under 75 mortality rate from cancer,E92000001,England,E10000025,Oxfordshire,County,Persons,<75 yrs,,,2020 - 22,106.54414,101.85091,111.39752,99.2181,114.23999,1944.0,1989080.0,,Cannot be calculated,Better,Not compared,20200000,,,3y,-0.9255440580211146,True,True,9.546610000000001,15.021889999999999
40501,Under 75 mortality rate from cancer,E92000001,England,E10000028,Staffordshire,County,Persons,<75 yrs,,,2020 - 22,121.95892,117.75309,126.27621,115.37917,128.79618,3197.0,2355637.0,,Cannot be calculated,Similar,Not compared,20200000,,,3y,-0.001829255678916558,True,True,8.523120000000006,13.41700999999999
40501,Under 75 mortality rate from cancer,E92000001,England,E10000029,Suffolk,County,Persons,<75 yrs,,,2020 - 22,111.96295,107.67263,116.37959,105.25676,118.96093,2598.0,2024795.0,,Cannot be calculated,Better,Not compared,20200000,,,3y,-0.6008274543407551,True,True,8.706959999999995,13.704170000000005
40501,Under 75 mortality rate from cancer,E92000001,England,E10000030,Surrey,County,Persons,<75 yrs,,,2020 - 22,101.92155,98.4071,105.5292,96.42345,107.63498,3192.0,3272366.0,,Cannot be calculated,Better,Not compared,20200000,,,3y,-1.2025479989245216,False,True,7.122100000000003,11.211529999999996
40501,Under 75 mortality rate from cancer,E92000001,England,E10000031,Warwickshire,County,Persons,<75 yrs,,,2020 - 22,118.0268,112.849,123.38055,109.94403,126.51587,1960.0,1615093.0,,Cannot be calculated,Similar,Not compared,20200000,,,3y,-0.2374574935509986,True,True,10.531549999999996,16.57184000000001
40501,Under 75 mortality rate from cancer,E92000001,England,E10000032,West Sussex,County,Persons,<75 yrs,,,2020 - 22,117.4937,113.337,121.76351,110.99214,124.25655,3035.0,2348458.0,,Cannot be calculated,Better,Not compared,20200000,,,3y,-0.26940296154526233,True,True,8.426509999999993,13.264409999999998
40501,Under 75 mortality rate from cancer,E92000001,England,E10000034,Worcestershire,County,Persons,<75 yrs,,,2020 - 22,119.83644,114.85257,124.98021,112.05213,127.99005,2194.0,1614663.0,,Cannot be calculated,Similar,Not compared,20200000,,,3y,-0.12901668188125465,True,True,10.12764,15.937919999999991
40501,Under 75 mortality rate from cancer,E92000001,England,E12000001,North East region (statistical),Regions (statistical),Persons,<75 yrs,,,2020 - 22,140.15718,137.51606,142.83617,136.01059,144.39134,10774.0,7229543.0,,Cannot be calculated,Worse,Not compared,20200000,,,3y,1.0886827165238606,False,True,5.32011,8.380750000000006
40501,Under 75 mortality rate from cancer,E92000001,England,E12000002,North West region (statistical),Regions (statistical),Persons,<75 yrs,,,2020 - 22,136.48841,134.86786,138.12356,133.94013,139.07045,27161.0,20385028.0,,Cannot be calculated,Worse,Not compared,20200000,,,3y,0.8688354559473875,True,True,3.2556999999999903,5.130319999999983
40501,Under 75 mortality rate from cancer,E92000001,England,E12000003,Yorkshire and the Humber region (statistical),Regions (statistical),Persons,<75 yrs,,,2020 - 22,132.4187,130.56699,134.29008,129.50832,135.37458,19558.0,15031495.0,,Cannot be calculated,Worse,Not compared,20200000,,,3y,0.6249622791495316,True,True,3.723089999999985,5.866260000000011
40501,Under 75 mortality rate from cancer,E92000001,England,E12000004,East Midlands region (statistical),Regions (statistical),Persons,<75 yrs,,,2020 - 22,126.92816,125.02581,128.85217,123.93885,129.96757,17027.0,13330502.0,,Cannot be calculated,Worse,Not compared,20200000,,,3y,0.2959473291566076,True,True,3.826359999999994,6.028719999999993
40501,Under 75 mortality rate from cancer,E92000001,England,E12000005,West Midlands region (statistical),Regions (statistical),Persons,<75 yrs,,,2020 - 22,128.63889,126.85819,130.4383,125.84003,131.48105,19952.0,16289638.0,,Cannot be calculated,Worse,Not compared,20200000,,,3y,0.39846106103022927,True,True,3.580110000000005,5.641020000000012
40501,Under 75 mortality rate from cancer,E92000001,England,E12000006,East of England region (statistical),Regions (statistical),Persons,<75 yrs,,,2020 - 22,116.7567,115.14151,118.38886,114.21797,119.33468,19990.0,17235664.0,,Cannot be calculated,Better,Not compared,20200000,,,3y,-0.3135669268646641,True,True,3.2473499999999973,5.116710000000012
40501,Under 75 mortality rate from cancer,E92000001,England,E12000007,London region (statistical),Regions (statistical),Persons,<75 yrs,,,2020 - 22,111.41437,109.83272,113.01278,108.92842,113.93908,19657.0,25108463.0,,Cannot be calculated,Better,Not compared,20200000,,,3y,-0.6337005453786346,True,True,3.1800600000000117,5.0106600000000014
40501,Under 75 mortality rate from cancer,E92000001,England,E12000008,South East region (statistical),Regions (statistical),Persons,<75 yrs,,,2020 - 22,114.58709,113.26028,115.92556,112.50056,116.70057,28565.0,25254934.0,,Cannot be calculated,Better,Not compared,20200000,,,3y,-0.44357856973661214,True,True,2.66528000000001,4.200010000000006
40501,Under 75 mortality rate from cancer,E92000001,England,E12000009,South West region (statistical),Regions (statistical),Persons,<75 yrs,,,2020 - 22,116.13802,114.50527,117.78815,113.5718,118.74446,19450.0,15278704.0,,Cannot be calculated,Better,Not compared,20200000,,,3y,-0.35064068814527066,True,True,3.282880000000006,5.172660000000008
